,agility,alligator,alpaca,amazing,ant,bat,be,bear,beauty,beaver,bee,bison,buffalo,butterfly,camel,can,cat,chameleon,cheetah,chicken,chinchilla,chipmunk,cobra,courage,cow,crab,crocodile,deer,dog,dolphin,duck,eagle,eating,elephant,elk,exploring,falcon,fascinating,find,for,forests,fox,freedom,frog,gecko,giraffe,goat,goose,grace,guinea,hamster,hare,hawk,hedgehog,hippopotamus,hornet,horse,hunting,iguana,in,intelligence,interesting,is,its,jellyfish,kangaroo,known,koala,leopard,lion,lives,lizard,llama,lobster,loyalty,many,monkey,moose,moth,mountains,mouse,newt,oceans,octopus,of,often,ostrich,otter,panda,parrot,penguin,people,pig,pigeon,playing,porcupine,python,rabbit,raccoon,rat,reindeer,remarkable,rhinoceros,rivers,salamander,savannas,sea,seal,seen,shark,sheep,skunk,sleeping,slug,snail,snake,sparrow,speed,squid,squirrel,starfish,strength,symbol,the,tiger,to,toad,tortoise,turkey,turtle,unique,viper,vulture,walrus,wasp,whale,wisdom,wolf,yak,zebra
cat,0.09456060047685406,0.0,0.0,0.09631029702390531,0.0,0.0,0.08068239926875084,0.0,0.0,0.0,0.0,0.0,0.0,0.0,0.0,0.054397306513706875,0.9237475067815214,0.0,0.0,0.0,0.0,0.0,0.0,0.0,0.0,0.0,0.0,0.0,0.0,0.0,0.0,0.0,0.0,0.0,0.0,0.0,0.0,0.0,0.04996728713437949,0.1099792577629248,0.0,0.0,0.0,0.0,0.0,0.0,0.0,0.0,0.0,0.0,0.0,0.0,0.0,0.0,0.0,0.0,0.0,0.0,0.0,0.05267433230739867,0.0,0.0,0.07908184131169274,0.1099792577629248,0.0,0.0,0.1099792577629248,0.0,0.0,0.0,0.05267433230739867,0.0,0.0,0.0,0.0,0.04996728713437949,0.0,0.0,0.0,0.0,0.0,0.0,0.10896558749532916,0.0,0.0,0.054397306513706875,0.0,0.0,0.0,0.0,0.0,0.04996728713437949,0.0,0.0,0.10425798978591556,0.0,0.0,0.0,0.0,0.0,0.0,0.0,0.0,0.0,0.0,0.0,0.0,0.0,0.054397306513706875,0.0,0.0,0.0,0.0,0.0,0.0,0.0,0.0,0.0,0.0,0.0,0.0,0.09814537770073312,0.0,0.1504467720547257,0.0,0.04996728713437949,0.0,0.0,0.0,0.0,0.0,0.0,0.0,0.0,0.0,0.0,0.0,0.0,0.0,0.0
dog,0.0,0.0,0.0,0.0,0.0,0.0,0.11873233040669316,0.0,0.0,0.0,0.0,0.0,0.0,0.0,0.0,0.05336743435790164,0.0,0.0,0.0,0.0,0.0,0.0,0.0,0.2045682693787286,0.0,0.0,0.0,0.0,0.9062587394656417,0.0,0.0,0.0,0.0,0.0,0.0,0.0,0.0,0.0,0.09804257185103427,0.0,0.0,0.0,0.0,0.0,0.0,0.0,0.0,0.0,0.0,0.0,0.0,0.0,0.0,0.0,0.0,0.0,0.0,0.0,0.0,0.0,0.0,0.0962872490875176,0.07758463140156238,0.0,0.0,0.0,0.0,0.0,0.0,0.0,0.0,0.0,0.0,0.0,0.0,0.09804257185103427,0.0,0.0,0.0,0.0,0.0,0.0,0.0,0.0,0.09702463535400399,0.05336743435790164,0.0,0.0,0.0,0.0,0.0,0.09804257185103427,0.0,0.0,0.0,0.0,0.0,0.0,0.0,0.0,0.0,0.10452115977199232,0.0,0.0,0.0,0.0,0.0,0.0,0.05336743435790164,0.0,0.0,0.0,0.09448691091199811,0.0,0.0,0.0,0.0,0.0,0.0,0.0,0.0,0.0,0.09702463535400399,0.1475984519558087,0.0,0.09804257185103427,0.0,0.0,0.0,0.0,0.0,0.0,0.0,0.0,0.0,0.0,0.0,0.0,0.0,0.0
lion,0.10113319858427533,0.0,0.0,0.0,0.0,0.0,0.08629036899463896,0.0,0.0,0.0,0.0,0.0,0.0,0.0,0.0,0.0,0.0,0.0,0.0,0.0,0.0,0.0,0.0,0.0,0.0,0.0,0.0,0.0,0.0,0.0,0.0,0.0,0.0,0.0,0.0,0.0,0.0,0.0,0.10688069972050641,0.058811778158132495,0.0,0.0,0.0,0.0,0.0,0.0,0.0,0.0,0.0,0.0,0.0,0.0,0.0,0.0,0.0,0.0,0.0,0.0,0.0,0.05633555289067986,0.0,0.10496714195006103,0.08457856148812444,0.058811778158132495,0.0,0.0,0.058811778158132495,0.0,0.0,0.9064030614794354,0.05633555289067986,0.0,0.0,0.0,0.09599097864898042,0.10688069972050641,0.0,0.0,0.0,0.0,0.0,0.0,0.0,0.0,0.052885500252478,0.0,0.0,0.0,0.0,0.0,0.0,0.10688069972050641,0.0,0.0,0.0,0.0,0.0,0.0,0.0,0.0,0.0,0.11394330525114164,0.0,0.0,0.0,0.10920536971179014,0.0,0.0,0.0,0.0,0.0,0.0,0.0,0.0,0.0,0.0,0.0,0.0,0.0,0.0,0.0,0.0,0.052885500252478,0.20112979398721736,0.0,0.10688069972050641,0.0,0.0,0.0,0.0,0.0,0.0,0.0,0.0,0.0,0.0,0.0,0.0,0.0,0.0
tiger,0.0,0.0,0.0,0.0,0.0,0.0,0.12180466707653606,0.0,0.0,0.0,0.0,0.0,0.0,0.0,0.0,0.10949675715834616,0.0,0.0,0.0,0.0,0.0,0.0,0.0,0.10493085523020503,0.0,0.0,0.0,0.0,0.0,0.0,0.0,0.0,0.0,0.0,0.0,0.09187711406179173,0.0,0.10072047185082143,0.05028976851855592,0.0,0.09517088042357842,0.0,0.0,0.0,0.0,0.0,0.0,0.0,0.0,0.0,0.0,0.0,0.0,0.0,0.0,0.0,0.0,0.0,0.0,0.05301428455550404,0.0,0.0,0.039796111833034255,0.0,0.0,0.0,0.0,0.0,0.0,0.0,0.05301428455550404,0.0,0.0,0.0,0.0,0.05028976851855592,0.0,0.0,0.0,0.0,0.0,0.0,0.0,0.0,0.04976763012667424,0.10949675715834616,0.0,0.0,0.0,0.0,0.0,0.05028976851855592,0.0,0.0,0.10493085523020503,0.0,0.0,0.0,0.0,0.0,0.0,0.0,0.0,0.0,0.0,0.0,0.0,0.0,0.10949675715834616,0.0,0.0,0.0,0.0,0.0,0.0,0.0,0.0,0.0,0.0,0.0,0.0,0.0,0.04976763012667424,0.11356329973421408,0.9297092347779862,0.05028976851855592,0.0,0.0,0.0,0.0,0.0,0.0,0.0,0.0,0.0,0.0,0.0,0.0,0.0,0.0
elephant,0.0,0.0,0.0,0.0,0.0,0.0,0.0388236185959098,0.0,0.18537446939623098,0.0,0.0,0.0,0.0,0.0,0.0,0.0,0.0,0.0,0.0,0.0,0.0,0.0,0.0,0.0,0.0,0.0,0.0,0.0,0.0,0.0,0.0,0.0,0.0,0.8889973825083952,0.0,0.0,0.0,0.0,0.04808758578226387,0.1587629815999825,0.0,0.0,0.0,0.0,0.0,0.0,0.0,0.0,0.0,0.0,0.0,0.0,0.0,0.0,0.0,0.0,0.0,0.0,0.0,0.0,0.11004624187716043,0.09445328213685299,0.15221378009449255,0.1587629815999825,0.0,0.0,0.1587629815999825,0.0,0.0,0.0,0.0,0.0,0.0,0.0,0.0863762013567857,0.04808758578226387,0.0,0.0,0.0,0.0,0.0,0.0,0.0,0.0,0.04758831176590885,0.0,0.0,0.0,0.0,0.0,0.0,0.04808758578226387,0.0,0.0,0.0,0.0,0.0,0.0,0.0,0.0,0.0,0.0,0.0,0.0,0.0,0.0,0.0,0.0,0.0,0.0,0.0,0.0,0.0,0.0,0.0,0.0,0.0,0.0,0.0,0.0,0.0,0.0,0.04758831176590885,0.18098396150139928,0.0,0.04808758578226387,0.0,0.0,0.0,0.0,0.0,0.0,0.0,0.0,0.0,0.0,0.0,0.0,0.0,0.0
giraffe,0.0,0.0,0.0,0.0,0.0,0.0,0.08132371677213589,0.0,0.09707583547835685,0.0,0.0,0.0,0.0,0.0,0.0,0.10965938514922528,0.0,0.0,0.0,0.0,0.0,0.0,0.0,0.0,0.0,0.0,0.0,0.0,0.0,0.0,0.0,0.0,0.0,0.0,0.0,0.09201357281048357,0.0,0.0,0.0,0.055426723115470734,0.0,0.0,0.09892550259992156,0.0,0.0,0.9310900678627053,0.0,0.0,0.0,0.0,0.0,0.0,0.0,0.0,0.0,0.0,0.0,0.10738502097378401,0.0,0.05309302302054084,0.0,0.0,0.07971043651328276,0.055426723115470734,0.0,0.0,0.055426723115470734,0.0,0.0,0.0,0.05309302302054084,0.0,0.0,0.0,0.0,0.0,0.0,0.0,0.0,0.0,0.0,0.0,0.0,0.0,0.04984154655952907,0.10965938514922528,0.0,0.0,0.0,0.0,0.0,0.0,0.0,0.0,0.0,0.0,0.0,0.0,0.0,0.0,0.0,0.0,0.0,0.10983171863620679,0.0,0.0,0.0,0.0,0.10965938514922528,0.0,0.0,0.0,0.0,0.0,0.0,0.0,0.0,0.0,0.0,0.0,0.0,0.0,0.04984154655952907,0.11373196748066315,0.0,0.0,0.0,0.0,0.0,0.0,0.0,0.0,0.0,0.0,0.0,0.0,0.0,0.0,0.0,0.0
zebra,0.0,0.0,0.0,0.0,0.0,0.0,0.08069226307076631,0.0,0.0,0.0,0.0,0.0,0.0,0.0,0.0,0.05440395683975678,0.0,0.0,0.0,0.0,0.0,0.0,0.0,0.0,0.0,0.0,0.0,0.0,0.0,0.0,0.0,0.0,0.10897890904986017,0.0,0.0,0.0,0.0,0.0,0.04997339586976677,0.05499635162170199,0.1891443219082167,0.0,0.0,0.0,0.0,0.0,0.0,0.0,0.0,0.0,0.0,0.0,0.0,0.0,0.0,0.0,0.0,0.0,0.0,0.1053615439835292,0.0,0.0,0.03954575471899265,0.05499635162170199,0.0,0.0,0.05499635162170199,0.0,0.0,0.0,0.1053615439835292,0.0,0.0,0.0,0.0,0.04997339586976677,0.0,0.0,0.0,0.0,0.0,0.0,0.0,0.0,0.0,0.05440395683975678,0.0,0.0,0.0,0.0,0.0,0.04997339586976677,0.0,0.0,0.0,0.0,0.0,0.0,0.0,0.0,0.0,0.0,0.0,0.0,0.0,0.0,0.0,0.0,0.05440395683975678,0.0,0.0,0.0,0.0,0.0,0.0,0.0,0.0,0.09129911565783992,0.0,0.0,0.0,0.0,0.0,0.1504651648787724,0.0,0.04997339586976677,0.0,0.0,0.0,0.0,0.09815737643382914,0.0,0.0,0.0,0.0,0.0,0.0,0.0,0.0,0.9238604392500864
monkey,0.0,0.0,0.0,0.0,0.0,0.0,0.1190842620992803,0.0,0.0,0.0,0.0,0.0,0.0,0.0,0.0,0.053525619507963765,0.0,0.0,0.0,0.0,0.0,0.0,0.0,0.0,0.0,0.0,0.0,0.0,0.0,0.0,0.0,0.0,0.0,0.0,0.0,0.08982511585524895,0.0,0.0,0.09833317751959096,0.05410845023460185,0.0,0.0,0.0,0.0,0.0,0.0,0.0,0.0,0.0,0.0,0.0,0.0,0.0,0.0,0.0,0.0,0.0,0.0,0.0,0.05183025501844348,0.11251549086772662,0.0,0.038907299086327375,0.05410845023460185,0.0,0.0,0.05410845023460185,0.0,0.0,0.0,0.05183025501844348,0.0,0.0,0.0,0.0,0.09833317751959096,0.9089449595626411,0.0,0.0,0.0,0.0,0.0,0.0,0.0,0.0,0.053525619507963765,0.0,0.0,0.0,0.0,0.0,0.09833317751959096,0.0,0.0,0.0,0.0,0.0,0.0,0.0,0.0,0.0,0.2096619369395791,0.0,0.0,0.0,0.10047193772162125,0.0,0.0,0.053525619507963765,0.0,0.0,0.0,0.0,0.0,0.0,0.0,0.0,0.0,0.0,0.0,0.0,0.0,0.0,0.14803594503660755,0.0,0.09833317751959096,0.0,0.0,0.0,0.0,0.0,0.0,0.0,0.0,0.0,0.0,0.0,0.0,0.0,0.0
kangaroo,0.0,0.0,0.0,0.0,0.0,0.0,0.15860090116448586,0.0,0.0,0.0,0.0,0.0,0.0,0.0,0.0,0.16039672677414124,0.0,0.0,0.0,0.0,0.0,0.0,0.0,0.0,0.0,0.0,0.0,0.0,0.0,0.0,0.0,0.0,0.0,0.0,0.0,0.0,0.0,0.0,0.0491114347124193,0.0,0.0,0.0,0.0,0.0,0.0,0.0,0.0,0.0,0.0,0.0,0.0,0.0,0.0,0.0,0.0,0.0,0.0,0.10471337128952307,0.0,0.051772112926162635,0.0,0.0,0.0,0.0,0.0,0.9079253241836853,0.0,0.0,0.0,0.0,0.051772112926162635,0.0,0.0,0.0,0.0,0.0491114347124193,0.0,0.0,0.0,0.0,0.0,0.0,0.10709919715643827,0.0,0.0,0.16039672677414124,0.0,0.0,0.0,0.0,0.0,0.0491114347124193,0.0,0.0,0.10247223237973485,0.0,0.0,0.0,0.0,0.0,0.0,0.10471337128952307,0.0,0.0,0.0,0.0,0.0,0.0,0.16039672677414124,0.0,0.0,0.0,0.0946606697238292,0.0,0.0,0.0,0.0,0.0,0.0,0.0,0.0,0.0,0.0,0.07393494071020117,0.0,0.0491114347124193,0.0,0.0,0.0,0.0,0.0,0.0,0.0,0.0,0.0,0.0,0.0,0.0,0.0,0.0
panda,0.09364831181532561,0.0,0.0,0.0,0.0,0.0,0.0,0.0,0.09538112788242072,0.0,0.0,0.0,0.0,0.0,0.0,0.0,0.0,0.0,0.0,0.0,0.0,0.0,0.0,0.0,0.0,0.0,0.0,0.0,0.0,0.0,0.0,0.0,0.0,0.0,0.0,0.0,0.0,0.0,0.0,0.10891821511562276,0.09364831181532561,0.0,0.0,0.0,0.0,0.0,0.0,0.0,0.0,0.0,0.0,0.0,0.0,0.0,0.0,0.0,0.0,0.0,0.0,0.05216614818129021,0.0,0.0,0.15663777295704173,0.10891821511562276,0.0,0.0,0.10891821511562276,0.0,0.0,0.0,0.05216614818129021,0.0,0.0,0.0,0.08888666853038399,0.0,0.0,0.0,0.0,0.0,0.0,0.0,0.0,0.0,0.09794286915639194,0.0,0.0,0.0,0.9148355035549953,0.0,0.0,0.0,0.0,0.0,0.0,0.0,0.0,0.0,0.0,0.0,0.0,0.0,0.0,0.0,0.0,0.0,0.0,0.0,0.0,0.0,0.0,0.0,0.0,0.0,0.0,0.0,0.0,0.0,0.0,0.0,0.0,0.0,0.09794286915639194,0.18624414066140058,0.0,0.0,0.0,0.0,0.0,0.0,0.0,0.0,0.0,0.0,0.0,0.0,0.09538112788242072,0.0,0.0,0.0
koala,0.0,0.0,0.0,0.09630307145072675,0.0,0.0,0.08067634616126232,0.0,0.0,0.0,0.0,0.0,0.0,0.0,0.0,0.054393225416139154,0.0,0.0,0.0,0.0,0.0,0.0,0.0,0.0,0.0,0.0,0.0,0.0,0.0,0.0,0.0,0.0,0.0,0.0,0.0,0.09128110649926116,0.0,0.0,0.04996353839410062,0.10997100669113243,0.0,0.0,0.0,0.0,0.0,0.0,0.0,0.0,0.0,0.0,0.0,0.0,0.0,0.0,0.0,0.0,0.0,0.0,0.0,0.05267038047405914,0.11433927367557566,0.0,0.07907590828428913,0.10997100669113243,0.0,0.0,0.10997100669113243,0.9236782036497171,0.0,0.0,0.05267038047405914,0.0,0.0,0.0,0.0,0.04996353839410062,0.0,0.0,0.0,0.0,0.0,0.0,0.0,0.0,0.0,0.054393225416139154,0.0,0.0,0.0,0.0,0.0,0.04996353839410062,0.0,0.0,0.0,0.0,0.0,0.0,0.0,0.0,0.0,0.0,0.0,0.0,0.0,0.10210050451962231,0.0,0.0,0.054393225416139154,0.0,0.0,0.0,0.0,0.0,0.0,0.0,0.0,0.0,0.0,0.0,0.0,0.09813801445266278,0.0,0.15043548495257206,0.0,0.04996353839410062,0.0,0.0,0.0,0.0,0.0,0.0,0.0,0.0,0.0,0.0,0.0,0.0,0.0,0.0
cheetah,0.0,0.0,0.0,0.0,0.0,0.0,0.03971025254609524,0.0,0.0,0.0,0.0,0.0,0.0,0.0,0.0,0.0,0.0,0.0,0.9092998501676304,0.0,0.0,0.0,0.0,0.0,0.0,0.0,0.0,0.0,0.0,0.0,0.0,0.0,0.0,0.0,0.0,0.0,0.0,0.0,0.049185785478195916,0.0,0.09308164754343518,0.0,0.0,0.0,0.0,0.0,0.0,0.0,0.09480397837127773,0.0,0.0,0.0,0.0,0.0,0.0,0.0,0.0,0.0,0.0,0.15555147523486354,0.0,0.0,0.03892249014357015,0.0,0.0,0.0,0.0,0.0,0.0,0.0,0.15555147523486354,0.0,0.0,0.0,0.0,0.049185785478195916,0.0,0.0,0.0,0.0,0.0,0.0,0.0,0.0,0.04867510929714437,0.0,0.0,0.0,0.0,0.0,0.0,0.049185785478195916,0.0,0.0,0.0,0.0,0.0,0.0,0.0,0.0,0.0,0.0,0.0,0.2145226734698293,0.0,0.0,0.0,0.0,0.0,0.0,0.0,0.0,0.0,0.0,0.0,0.0,0.0,0.0,0.0,0.0,0.0,0.0,0.04867510929714437,0.1851171806733778,0.0,0.049185785478195916,0.0,0.0,0.0,0.0,0.09661035789840504,0.0,0.0,0.0,0.0,0.0,0.0,0.0,0.0,0.0
leopard,0.09422249084374192,0.0,0.0,0.0,0.0,0.0,0.08039391234842887,0.0,0.09596593119894795,0.0,0.0,0.0,0.0,0.0,0.0,0.10840560844717866,0.0,0.0,0.0,0.0,0.0,0.0,0.0,0.0,0.0,0.0,0.0,0.0,0.0,0.0,0.0,0.0,0.0,0.0,0.0,0.09096154727062788,0.0,0.0,0.0,0.10958601738263268,0.0,0.0,0.0,0.0,0.0,0.0,0.0,0.0,0.0,0.0,0.0,0.0,0.0,0.0,0.0,0.0,0.0,0.0,0.0,0.0,0.0,0.0,0.11819861598786746,0.10958601738263268,0.0,0.0,0.10958601738263268,0.0,0.9204445674068649,0.0,0.0,0.0,0.0,0.0,0.08943165284442675,0.0,0.0,0.0,0.0,0.0,0.0,0.0,0.0,0.0,0.04927168954468923,0.10840560844717866,0.0,0.0,0.0,0.0,0.0,0.0,0.0,0.0,0.0,0.0,0.0,0.0,0.0,0.0,0.0,0.0,0.0,0.0,0.0,0.0,0.0,0.0,0.10840560844717866,0.0,0.0,0.0,0.09596593119894795,0.0,0.0,0.0,0.0,0.0,0.0,0.0,0.0,0.0,0.04927168954468923,0.1124316274239399,0.0,0.0,0.0,0.0,0.0,0.0,0.0,0.0,0.0,0.0,0.0,0.0,0.0,0.0,0.0,0.0
wolf,0.09431510624211029,0.0,0.0,0.0,0.0,0.0,0.08047293503347855,0.0,0.0,0.0,0.0,0.0,0.0,0.0,0.0,0.05425608252541406,0.0,0.0,0.0,0.0,0.0,0.0,0.0,0.1039873195988678,0.0,0.0,0.0,0.0,0.0,0.0,0.0,0.0,0.0,0.0,0.0,0.0,0.0,0.0,0.04983756417518276,0.10969373426174095,0.0,0.0,0.0,0.0,0.0,0.0,0.0,0.0,0.0,0.0,0.0,0.0,0.0,0.0,0.0,0.0,0.0,0.0,0.0,0.0,0.0,0.0,0.11831479856602134,0.10969373426174095,0.0,0.0,0.10969373426174095,0.0,0.0,0.0,0.0,0.0,0.0,0.0,0.0,0.04983756417518276,0.0,0.0,0.0,0.0,0.0,0.0,0.0,0.0,0.04932012083868922,0.05425608252541406,0.0,0.0,0.0,0.0,0.0,0.04983756417518276,0.0,0.0,0.1039873195988678,0.0,0.0,0.0,0.0,0.0,0.0,0.0,0.0,0.0,0.0,0.0,0.0,0.0,0.05425608252541406,0.0,0.0,0.0,0.0,0.0,0.0,0.0,0.0,0.09105095734524206,0.0,0.0,0.0,0.0,0.04932012083868922,0.15005618850313027,0.0,0.04983756417518276,0.0,0.0,0.0,0.0,0.09789057681885653,0.0,0.0,0.0,0.0,0.0,0.0,0.9213493125427981,0.0,0.0
fox,0.0,0.0,0.0,0.0,0.0,0.0,0.07951565368892954,0.0,0.0,0.0,0.0,0.0,0.0,0.0,0.0,0.0,0.0,0.0,0.0,0.0,0.0,0.0,0.0,0.0,0.0,0.0,0.0,0.0,0.0,0.0,0.0,0.0,0.0,0.0,0.0,0.0,0.0,0.0,0.09848942360571272,0.05419442562753153,0.0,0.9103892238080783,0.0,0.0,0.0,0.0,0.0,0.0,0.0,0.0,0.0,0.0,0.0,0.0,0.0,0.0,0.0,0.0,0.0,0.0519126104827293,0.0,0.0,0.07793824134898955,0.05419442562753153,0.0,0.0,0.05419442562753153,0.0,0.0,0.0,0.0519126104827293,0.0,0.0,0.0,0.08845466191004428,0.09848942360571272,0.0,0.0,0.0,0.10994725301800812,0.0,0.0,0.0,0.0,0.0487334238135324,0.0,0.0,0.0,0.0,0.0,0.0,0.09848942360571272,0.0,0.0,0.0,0.0,0.0,0.0,0.0,0.0,0.0,0.0,0.0,0.0,0.0,0.0,0.0,0.0,0.0,0.0,0.0,0.0,0.0,0.0,0.0,0.0,0.0,0.0,0.0,0.0,0.0,0.0967261005516886,0.0487334238135324,0.18533895765594569,0.0,0.09848942360571272,0.0,0.0,0.0,0.0,0.1934522011033772,0.0,0.0,0.0,0.0,0.0,0.0,0.0,0.0,0.0
bear,0.0,0.0,0.0,0.0,0.0,0.0,0.08185311311422676,0.937151223152309,0.0,0.0,0.0,0.0,0.0,0.0,0.0,0.0551866196782803,0.0,0.0,0.0,0.0,0.0,0.0,0.0,0.0,0.0,0.0,0.0,0.0,0.0,0.0,0.0,0.0,0.0,0.0,0.0,0.09261255734786114,0.0,0.0,0.05069232004613309,0.05578753673339268,0.09593268912590402,0.0,0.0,0.0,0.0,0.0,0.0,0.0,0.0,0.0,0.0,0.0,0.0,0.0,0.0,0.0,0.0,0.0,0.0,0.053438644855022116,0.0,0.09956948201078197,0.08022933081855457,0.05578753673339268,0.0,0.0,0.05578753673339268,0.0,0.0,0.0,0.053438644855022116,0.0,0.0,0.0,0.0,0.05069232004613309,0.0,0.0,0.0,0.0,0.0,0.0,0.0,0.0,0.05016600212403184,0.0551866196782803,0.0,0.0,0.0,0.0,0.0,0.05069232004613309,0.0,0.0,0.0,0.0,0.0,0.0,0.0,0.0,0.0,0.0,0.0,0.0,0.0,0.0,0.0,0.0,0.0551866196782803,0.0,0.0,0.0,0.0,0.0,0.0,0.0,0.0,0.09261255734786114,0.0,0.0,0.0,0.0,0.05016600212403184,0.15262977752615378,0.0,0.05069232004613309,0.0,0.0,0.0,0.0,0.0,0.0,0.0,0.0,0.0,0.0,0.09770777403512074,0.0,0.0,0.0
rabbit,0.0,0.0,0.0,0.0,0.0,0.0,0.08301486121450916,0.0,0.0,0.0,0.0,0.0,0.0,0.0,0.0,0.0,0.0,0.0,0.0,0.0,0.0,0.0,0.0,0.0,0.0,0.0,0.0,0.0,0.0,0.0,0.0,0.0,0.0,0.0,0.0,0.0,0.0,0.20593536010164512,0.10282360079325549,0.0,0.0,0.0,0.0,0.0,0.0,0.0,0.0,0.0,0.19818909733548973,0.0,0.0,0.0,0.0,0.0,0.0,0.0,0.0,0.0,0.0,0.0,0.0,0.0,0.12205204866076705,0.0,0.0,0.0,0.0,0.0,0.0,0.0,0.0,0.0,0.0,0.0,0.0,0.10282360079325549,0.0,0.0,0.0,0.0,0.0,0.0,0.0,0.0,0.15263403720033145,0.0,0.0,0.0,0.0,0.0,0.0,0.10282360079325549,0.0,0.0,0.0,0.0,0.0,0.8719967851545095,0.0,0.0,0.0,0.0,0.0,0.0,0.0,0.0,0.0,0.0,0.0,0.0,0.0,0.0,0.0,0.0,0.0,0.0,0.0,0.0,0.0,0.0,0.0,0.0,0.15263403720033145,0.19349508095149068,0.0,0.10282360079325549,0.0,0.0,0.0,0.0,0.0,0.0,0.0,0.0,0.0,0.0,0.09909454866774486,0.0,0.0,0.0
deer,0.09329335622981082,0.0,0.0,0.0,0.0,0.0,0.0398005711601728,0.0,0.0,0.0,0.0,0.0,0.0,0.0,0.0,0.0,0.0,0.0,0.0,0.0,0.0,0.0,0.0,0.0,0.0,0.0,0.0,0.9113679987434355,0.0,0.0,0.0,0.0,0.0,0.0,0.0,0.0,0.0,0.09873346572178328,0.04929765562990422,0.1085053819521608,0.0,0.0,0.09683009242718427,0.0,0.0,0.0,0.0,0.0,0.0,0.0,0.0,0.0,0.0,0.0,0.0,0.0,0.0,0.0,0.0,0.0,0.0,0.0,0.1560440681551512,0.1085053819521608,0.0,0.0,0.1085053819521608,0.0,0.0,0.0,0.0,0.0,0.0,0.0,0.0,0.04929765562990422,0.0,0.0,0.0,0.0,0.0,0.0,0.0,0.0,0.09757163589233733,0.0,0.0,0.0,0.0,0.0,0.0,0.04929765562990422,0.0,0.0,0.0,0.0,0.0,0.0,0.0,0.0,0.0,0.0,0.0,0.0,0.0,0.0,0.0,0.0,0.0,0.0,0.0,0.0,0.0,0.0,0.0,0.0,0.0,0.09006456905078832,0.0,0.0,0.0,0.0,0.09757163589233733,0.1855382187209439,0.0,0.04929765562990422,0.0,0.0,0.0,0.0,0.0,0.0,0.0,0.0,0.0,0.0,0.0950196043969645,0.0,0.0,0.0
horse,0.09334719525047518,0.0,0.0,0.09507443962480265,0.0,0.0,0.1592941592975689,0.0,0.0,0.0,0.0,0.0,0.0,0.0,0.0,0.10739855640992595,0.0,0.0,0.0,0.0,0.0,0.0,0.0,0.0,0.0,0.0,0.0,0.0,0.0,0.0,0.0,0.0,0.0,0.0,0.0,0.0,0.0,0.0,0.09865221000603053,0.054283999869538614,0.0,0.0,0.0,0.0,0.0,0.0,0.0,0.0,0.0,0.0,0.0,0.0,0.0,0.0,0.0,0.0,0.9118939435963179,0.0,0.0,0.0,0.0,0.0,0.03903353005619191,0.054283999869538614,0.0,0.0,0.054283999869538614,0.0,0.0,0.0,0.0,0.0,0.0,0.0,0.0,0.09865221000603053,0.0,0.0,0.0,0.0,0.0,0.0,0.0,0.0,0.0,0.10739855640992595,0.0,0.0,0.0,0.0,0.0,0.09865221000603053,0.0,0.0,0.1029201472906265,0.0,0.0,0.0,0.0,0.0,0.0,0.0,0.0,0.0,0.0,0.0,0.0,0.0,0.10739855640992595,0.0,0.0,0.0,0.09507443962480265,0.0,0.0,0.0,0.0,0.0,0.0,0.0,0.0,0.0,0.0,0.1113871750098004,0.0,0.09865221000603053,0.0,0.0,0.0,0.0,0.0968859724765018,0.0,0.0,0.0,0.0,0.0,0.0,0.0,0.0,0.0
cow,0.0,0.0,0.0,0.0955266348899983,0.0,0.0,0.08002589894496934,0.0,0.0,0.0,0.0,0.0,0.0,0.0,0.0,0.0,0.0,0.0,0.0,0.0,0.0,0.0,0.0,0.10340965849344529,0.9162311148200678,0.0,0.0,0.0,0.0,0.0,0.0,0.0,0.0,0.0,0.0,0.0,0.0,0.0,0.0991214219460836,0.0,0.0,0.0,0.0,0.0,0.0,0.0,0.0,0.0,0.0,0.0,0.0,0.0,0.0,0.0,0.0,0.0,0.0,0.0,0.0,0.05224572933415794,0.0,0.0,0.0784383644828316,0.0,0.0,0.0,0.0,0.0,0.0,0.0,0.05224572933415794,0.0,0.0,0.0,0.08902226802934715,0.0991214219460836,0.0,0.0,0.0,0.0,0.0,0.0,0.0,0.0,0.09809228418346184,0.0,0.0,0.0,0.0,0.0,0.0,0.0991214219460836,0.0,0.0,0.0,0.0,0.0,0.0,0.0,0.0,0.0,0.10567129956357196,0.0,0.0,0.0,0.10127732657333618,0.0,0.0,0.0,0.0,0.0,0.0,0.0,0.0,0.0,0.0,0.0,0.0,0.0,0.0,0.0,0.0,0.09809228418346184,0.18652826214526377,0.0,0.0991214219460836,0.0,0.0,0.0,0.0,0.0,0.0,0.0,0.0,0.0,0.0,0.0,0.0,0.0,0.0
sheep,0.0,0.0,0.0,0.0,0.0,0.0,0.0,0.0,0.0,0.0,0.0,0.0,0.0,0.0,0.0,0.0,0.0,0.0,0.0,0.0,0.0,0.0,0.0,0.10308526852707776,0.0,0.0,0.0,0.0,0.0,0.0,0.0,0.0,0.0,0.0,0.0,0.0,0.0,0.0,0.0,0.05437109108942064,0.0,0.0,0.09704141270848017,0.0,0.0,0.0,0.0,0.0,0.0952269735012013,0.0,0.0,0.0,0.0,0.0,0.0,0.0,0.0,0.0,0.0,0.05208183757947597,0.0,0.0,0.15638461596989073,0.05437109108942064,0.0,0.0,0.05437109108942064,0.0,0.0,0.0,0.05208183757947597,0.0,0.0,0.0,0.0,0.0,0.0,0.0,0.0,0.11030566409097274,0.0,0.0,0.0,0.0,0.14667686175746636,0.0,0.0,0.0,0.0,0.0,0.0,0.0,0.0,0.0,0.0,0.0,0.0,0.0,0.0,0.0,0.0,0.0,0.0,0.0,0.0,0.0,0.0,0.0,0.0,0.0,0.9133569521465666,0.0,0.0,0.0,0.0,0.0,0.0,0.09026112437351423,0.0,0.0,0.0,0.0,0.14667686175746636,0.18594313404828114,0.0,0.0,0.0,0.0,0.0,0.0,0.0,0.0,0.0,0.0,0.0,0.0,0.0,0.0,0.0,0.0
goat,0.0,0.0,0.0,0.0,0.0,0.0,0.04037204653633399,0.0,0.0,0.0,0.0,0.0,0.0,0.0,0.0,0.054438901419065336,0.0,0.0,0.0,0.0,0.0,0.0,0.0,0.0,0.0,0.0,0.0,0.0,0.0,0.0,0.0,0.0,0.0,0.0,0.0,0.09135775862010281,0.0,0.0,0.0,0.0,0.0,0.0,0.0982204245726918,0.0,0.0,0.0,0.9244538503963473,0.0,0.09638394070125807,0.0,0.0,0.0,0.0,0.0,0.0,0.0,0.0,0.0,0.0,0.052714609740374035,0.0,0.0,0.11871346687323431,0.0,0.0,0.0,0.0,0.0,0.0,0.0,0.052714609740374035,0.0,0.0,0.0,0.0,0.0,0.0,0.0,0.0,0.0,0.0,0.0,0.10904890804168846,0.0,0.1484589232030977,0.054438901419065336,0.0,0.0,0.0,0.0,0.0,0.0,0.0,0.0,0.0,0.0,0.0,0.0,0.0,0.0,0.0,0.0,0.0,0.0,0.0,0.0,0.0,0.0,0.054438901419065336,0.0,0.0,0.0,0.0,0.0,0.0,0.0,0.0,0.0,0.0,0.0,0.0,0.0,0.1484589232030977,0.15056181119261988,0.0,0.0,0.0,0.0,0.0,0.0,0.0,0.0,0.0,0.0,0.0,0.0,0.09638394070125807,0.0,0.0,0.0
pig,0.0,0.0,0.0,0.0,0.0,0.0,0.12828572235222757,0.0,0.0,0.0,0.0,0.0,0.0,0.0,0.0,0.057661462916106986,0.0,0.0,0.0,0.0,0.0,0.0,0.0,0.0,0.0,0.0,0.0,0.0,0.0,0.0,0.0,0.0,0.0,0.0,0.0,0.0,0.0,0.0,0.10593123295145136,0.058289328088698016,0.0,0.0,0.0,0.0,0.0,0.0,0.0,0.0,0.10208947788405363,0.0,0.0,0.0,0.0,0.0,0.0,0.0,0.0,0.0,0.0,0.0,0.0,0.0,0.08382721410999677,0.058289328088698016,0.0,0.0,0.058289328088698016,0.0,0.0,0.0,0.0,0.0,0.0,0.0,0.0,0.10593123295145136,0.0,0.0,0.0,0.0,0.0,0.0,0.0,0.0,0.05241569583329018,0.057661462916106986,0.0,0.0,0.0,0.0,0.0,0.10593123295145136,0.8983510971070562,0.0,0.0,0.0,0.0,0.0,0.0,0.0,0.0,0.0,0.0,0.0,0.0,0.0,0.0,0.0,0.057661462916106986,0.0,0.0,0.0,0.10208947788405363,0.0,0.0,0.0,0.0,0.09676576627108129,0.0,0.0,0.0,0.0,0.05241569583329018,0.15947445790345652,0.0,0.10593123295145136,0.0,0.0,0.0,0.0,0.2080693482590777,0.0,0.0,0.0,0.0,0.0,0.0,0.0,0.0,0.0
chicken,0.0,0.0,0.0,0.0,0.0,0.0,0.04011342031585229,0.0,0.0,0.0,0.0,0.0,0.0,0.0,0.0,0.0,0.0,0.0,0.0,0.9185317328459629,0.0,0.0,0.0,0.0,0.0,0.0,0.0,0.0,0.0,0.0,0.0,0.0,0.0,0.0,0.0,0.0,0.0,0.0,0.04968515584638923,0.0,0.18805336215213703,0.0,0.09759121750095019,0.0,0.0,0.0,0.0,0.0,0.0,0.0,0.0,0.0,0.0,0.0,0.0,0.0,0.0,0.0,0.0,0.10475383235272369,0.0,0.0,0.07863531993689994,0.0,0.0,0.0,0.0,0.0,0.0,0.0,0.10475383235272369,0.0,0.0,0.0,0.08924579922275636,0.04968515584638923,0.0,0.0,0.0,0.0,0.0,0.0,0.0,0.0,0.09833858980825828,0.0,0.0,0.0,0.0,0.0,0.0,0.04968515584638923,0.0,0.0,0.0,0.0,0.0,0.0,0.0,0.0,0.0,0.0,0.0,0.0,0.0,0.0,0.0,0.0,0.0,0.0,0.0,0.0,0.0,0.0,0.0,0.0,0.0,0.0,0.0,0.0,0.0,0.0,0.09833858980825828,0.18699662681361992,0.0,0.04968515584638923,0.0,0.0,0.0,0.0,0.09759121750095019,0.0,0.0,0.0,0.0,0.0,0.0,0.0,0.0,0.0
duck,0.09471680156929813,0.0,0.0,0.0,0.0,0.0,0.040407837741807236,0.0,0.0,0.0,0.0,0.0,0.0,0.0,0.0,0.0,0.0,0.0,0.0,0.0,0.0,0.0,0.0,0.0,0.0,0.0,0.0,0.0,0.0,0.0,0.9252734104768672,0.0,0.0,0.0,0.0,0.0,0.0,0.10023991481218694,0.05004982621299677,0.05508046417714647,0.0,0.0,0.0,0.0,0.0,0.0,0.0,0.0,0.09646938837413874,0.0,0.0,0.0,0.0,0.0,0.0,0.0,0.0,0.0,0.0,0.0527613430519232,0.0,0.0,0.11881871043777537,0.05508046417714647,0.0,0.0,0.05508046417714647,0.0,0.0,0.0,0.0527613430519232,0.0,0.0,0.0,0.08990082984037917,0.05004982621299677,0.0,0.0,0.0,0.0,0.0,0.0,0.0,0.0,0.09906035809067884,0.0,0.0,0.0,0.0,0.0,0.0,0.05004982621299677,0.0,0.0,0.0,0.0,0.0,0.0,0.0,0.0,0.0,0.0,0.0,0.10914558364298206,0.0,0.0,0.0,0.0,0.0,0.0,0.0,0.0,0.0,0.0,0.0,0.0,0.0,0.0,0.0,0.0,0.0,0.0,0.09906035809067884,0.18836911175993518,0.0,0.05004982621299677,0.0,0.0,0.0,0.0,0.0,0.0,0.0,0.0,0.0,0.0,0.0,0.0,0.0,0.0
goose,0.0,0.0,0.0,0.0950875608816475,0.0,0.0,0.03982903588512705,0.0,0.0,0.0,0.0,0.0,0.0,0.0,0.0,0.0,0.0,0.0,0.0,0.0,0.0,0.0,0.0,0.0,0.0,0.0,0.0,0.0,0.0,0.0,0.0,0.0,0.0,0.0,0.0,0.0,0.0,0.0,0.049332912516111896,0.0,0.09336007812971656,0.0,0.0,0.0,0.0,0.0,0.0,0.9120197944001345,0.0950875608816475,0.0,0.0,0.0,0.0,0.0,0.0,0.0,0.0,0.0,0.0,0.1560167687657539,0.0,0.0,0.039038917087400815,0.0,0.0,0.0,0.0,0.0,0.0,0.0,0.1560167687657539,0.0,0.0,0.0,0.0,0.049332912516111896,0.0,0.0,0.0,0.0,0.0,0.0,0.0,0.0,0.04882070877434089,0.0,0.0,0.0,0.0,0.0,0.0,0.049332912516111896,0.0,0.0,0.0,0.0,0.0,0.0,0.0,0.0,0.0,0.0,0.0,0.0,0.0,0.20162364072726047,0.0,0.0,0.0,0.0,0.0,0.0,0.0,0.0,0.0,0.0,0.0,0.0,0.0,0.0,0.0,0.0,0.04882070877434089,0.18567091265498667,0.0,0.049332912516111896,0.0,0.0,0.0,0.0,0.0,0.0,0.0,0.0,0.0,0.0,0.0,0.0,0.0,0.0
turkey,0.0,0.0,0.0,0.09555491116470886,0.0,0.0,0.08004958693842931,0.0,0.0,0.0,0.0,0.0,0.0,0.0,0.0,0.0,0.0,0.0,0.0,0.0,0.0,0.0,0.0,0.0,0.0,0.0,0.0,0.0,0.0,0.0,0.0,0.0,0.0,0.0,0.0,0.0,0.0,0.0,0.09915076229246843,0.05455833140504399,0.09381893792731784,0.0,0.0,0.0,0.0,0.0,0.0,0.0,0.0,0.0,0.0,0.0,0.0,0.0,0.0,0.0,0.0,0.0,0.0,0.1045223885675384,0.0,0.0,0.03923079127979823,0.05455833140504399,0.0,0.0,0.05455833140504399,0.0,0.0,0.0,0.1045223885675384,0.0,0.0,0.0,0.0,0.09915076229246843,0.0,0.0,0.0,0.0,0.0,0.0,0.0,0.0,0.0,0.0,0.0,0.0,0.0,0.0,0.0,0.09915076229246843,0.0,0.0,0.0,0.0,0.0,0.0,0.0,0.0,0.0,0.0,0.0,0.0,0.0,0.10130730507631011,0.0,0.0,0.0,0.0,0.0,0.0,0.0,0.0,0.0,0.0,0.0,0.0,0.0,0.0,0.0,0.09737559884269235,0.0,0.186583475273914,0.0,0.09915076229246843,0.0,0.0,0.9165023229781992,0.0,0.09737559884269235,0.0,0.0,0.0,0.0,0.0,0.0,0.0,0.0,0.0
parrot,0.0,0.0,0.0,0.0,0.0,0.0,0.08001762548376937,0.0,0.0,0.0,0.0,0.0,0.0,0.0,0.0,0.0,0.0,0.0,0.0,0.0,0.0,0.0,0.0,0.0,0.0,0.0,0.0,0.0,0.0,0.0,0.0,0.0,0.0,0.0,0.0,0.0,0.0,0.0,0.09911117429814252,0.0,0.0,0.0,0.0,0.0,0.0,0.0,0.0,0.0,0.095516758888382,0.0,0.0,0.0,0.0,0.0,0.0,0.0,0.0,0.0,0.0,0.05224032792011313,0.0,0.09733671961912072,0.0784302551485574,0.0,0.0,0.0,0.0,0.0,0.0,0.0,0.05224032792011313,0.0,0.0,0.0,0.08901306448036883,0.09911117429814252,0.0,0.0,0.0,0.0,0.0,0.0,0.10806777748114361,0.0,0.09808214293271791,0.0,0.0,0.0,0.0,0.9161363904535987,0.0,0.09911117429814252,0.0,0.0,0.0,0.0,0.0,0.0,0.0,0.0,0.0,0.10566037475787261,0.0,0.0,0.0,0.0,0.0,0.0,0.0,0.0,0.0,0.0,0.0,0.0,0.0,0.0,0.0,0.0,0.0,0.0,0.0,0.0,0.09808214293271791,0.1865089779590203,0.0,0.09911117429814252,0.0,0.0,0.0,0.0,0.0,0.0,0.0,0.0,0.0,0.0,0.0,0.0,0.0,0.0
sparrow,0.0,0.0,0.0,0.0,0.0,0.0,0.12009418951816397,0.0,0.0,0.0,0.0,0.0,0.0,0.0,0.0,0.10795911701426052,0.0,0.0,0.0,0.0,0.0,0.0,0.0,0.0,0.0,0.0,0.0,0.0,0.0,0.0,0.0,0.0,0.0,0.0,0.0,0.0,0.0,0.0,0.049583559778519165,0.05456733209289198,0.0,0.0,0.0,0.0,0.0,0.0,0.0,0.0,0.0,0.0,0.0,0.0,0.0,0.0,0.0,0.0,0.0,0.0,0.0,0.05226981600448897,0.0,0.09739166325204326,0.039237263327187605,0.05456733209289198,0.0,0.0,0.05456733209289198,0.0,0.0,0.0,0.05226981600448897,0.0,0.0,0.0,0.0,0.049583559778519165,0.0,0.0,0.0,0.0,0.0,0.0,0.0,0.0,0.0,0.10795911701426052,0.0,0.0,0.0,0.0,0.0,0.049583559778519165,0.0,0.0,0.2069146661909277,0.0,0.0,0.0,0.0,0.0,0.0,0.0,0.0,0.0,0.0,0.10132401811364519,0.0,0.0,0.10795911701426052,0.0,0.0,0.0,0.0,0.0,0.0,0.0,0.9166535217247269,0.0,0.0,0.0,0.0,0.09739166325204326,0.0,0.11196855398011256,0.0,0.049583559778519165,0.0,0.0,0.0,0.0,0.0,0.0,0.0,0.0,0.0,0.0,0.0,0.0,0.0,0.0
pigeon,0.0,0.0,0.0,0.0,0.0,0.0,0.04066874420351724,0.0,0.0,0.0,0.0,0.0,0.0,0.0,0.0,0.05483897762130886,0.0,0.0,0.0,0.0,0.0,0.0,0.0,0.0,0.0,0.0,0.0,0.0,0.0,0.0,0.0,0.0,0.0,0.0,0.0,0.0,0.0,0.0,0.0,0.0,0.09532837167408416,0.0,0.0,0.0,0.0,0.0,0.0,0.0,0.0,0.0,0.0,0.0,0.0,0.0,0.0,0.0,0.0,0.10740320591860857,0.0,0.10620402794741167,0.0,0.0,0.0797239349498132,0.0,0.0,0.0,0.0,0.0,0.0,0.0,0.10620402794741167,0.0,0.0,0.0,0.0904813040436345,0.0,0.0,0.0,0.0,0.0,0.0,0.0,0.0,0.0,0.0996999737932143,0.05483897762130886,0.0,0.0,0.0,0.0,0.0,0.0,0.0,0.9312477418227906,0.0,0.0,0.0,0.0,0.0,0.0,0.0,0.0,0.0,0.10985031791313828,0.0,0.0,0.0,0.0,0.05483897762130886,0.0,0.0,0.0,0.0,0.0,0.0,0.0,0.0,0.0,0.0,0.0,0.0,0.0,0.0996999737932143,0.15166830298533918,0.0,0.0,0.0,0.0,0.0,0.0,0.0,0.0,0.0,0.0,0.0,0.0,0.09709227463063305,0.0,0.0,0.0
penguin,0.0940628894183818,0.0,0.0,0.0,0.0,0.0,0.08025773485103746,0.0,0.0,0.0,0.0,0.0,0.0,0.0,0.0,0.0,0.0,0.0,0.0,0.0,0.0,0.0,0.0,0.0,0.0,0.0,0.0,0.0,0.0,0.0,0.0,0.0,0.0,0.0,0.0,0.0,0.0,0.0,0.099408577791511,0.05470019600711967,0.0,0.0,0.0976287984957232,0.0,0.0,0.0,0.0,0.0,0.0,0.0,0.0,0.0,0.0,0.0,0.0,0.0,0.0,0.0,0.0,0.0523970857844829,0.0,0.0976287984957232,0.07866560128416866,0.05470019600711967,0.0,0.0,0.05470019600711967,0.0,0.0,0.0,0.0523970857844829,0.0,0.0,0.0,0.0,0.099408577791511,0.0,0.0,0.0,0.0,0.0,0.0,0.10839205710724084,0.0,0.04918822930275745,0.0,0.0,0.0,0.0,0.0,0.9188854463986256,0.099408577791511,0.0,0.0,0.0,0.0,0.0,0.0,0.0,0.0,0.0,0.0,0.0,0.0,0.0,0.0,0.0,0.0,0.0,0.0,0.0,0.0,0.0,0.0,0.0,0.0,0.0,0.0,0.0,0.0,0.0,0.0,0.04918822930275745,0.18706863656444395,0.0,0.099408577791511,0.0,0.0,0.0,0.0,0.0976287984957232,0.0,0.0,0.0,0.0,0.0,0.0,0.0,0.0,0.0
ostrich,0.0,0.0,0.0,0.0,0.0,0.0,0.039598432550137876,0.0,0.0,0.0,0.0,0.0,0.0,0.0,0.0,0.05339573667652403,0.0,0.0,0.0,0.0,0.0,0.0,0.0,0.20467675794314338,0.0,0.0,0.0,0.0,0.0,0.0,0.0,0.0,0.10695929981822275,0.0,0.0,0.0,0.0,0.0,0.0,0.05397715313265536,0.0,0.0,0.09633831304507405,0.0,0.0,0.0,0.0,0.0,0.0,0.0,0.0,0.0,0.0,0.0,0.0,0.0,0.0,0.0,0.0,0.0,0.0,0.0,0.15525155362278087,0.05397715313265536,0.0,0.0,0.05397715313265536,0.0,0.0,0.0,0.0,0.0,0.0,0.0,0.0,0.0,0.0,0.0,0.0,0.0,0.0,0.0,0.0,0.0,0.14561413555374808,0.05339573667652403,0.9067393551052596,0.0,0.0,0.0,0.0,0.0,0.0,0.0,0.0,0.0,0.0,0.0,0.0,0.0,0.0,0.0,0.0,0.0,0.0,0.0,0.0,0.0,0.05339573667652403,0.0,0.0,0.0,0.0,0.0,0.0,0.0,0.0,0.0896071503185783,0.0,0.0,0.0,0.0,0.14561413555374808,0.14767672775200702,0.0,0.0,0.0,0.0,0.0,0.0,0.0,0.0,0.0,0.0,0.0,0.0,0.0,0.0,0.0,0.0
eagle,0.0,0.0,0.0,0.0,0.0,0.0,0.1196671832317694,0.0,0.0,0.0,0.0,0.0,0.0,0.0,0.0,0.10757525812963294,0.0,0.0,0.0,0.0,0.0,0.0,0.0,0.0,0.0,0.0,0.0,0.0,0.0,0.0,0.0,0.913394273148317,0.0,0.0,0.0,0.0,0.0,0.0,0.04940726072681487,0.0,0.0,0.0,0.09704537795199755,0.0,0.0,0.0,0.0,0.0,0.0,0.0,0.0,0.0,0.0,0.0,0.0,0.0,0.0,0.0,0.0,0.0,0.0,0.0,0.07819550302852205,0.0,0.0,0.0,0.0,0.0,0.0,0.0,0.0,0.0,0.0,0.0,0.08874663661323987,0.04940726072681487,0.0,0.0,0.0,0.0,0.0,0.0,0.0,0.0,0.09778857011509219,0.10757525812963294,0.0,0.0,0.0,0.0,0.0,0.04940726072681487,0.0,0.0,0.20617896146145454,0.0,0.0,0.0,0.0,0.0,0.0,0.0,0.0,0.0,0.0,0.0,0.0,0.0,0.10757525812963294,0.0,0.0,0.0,0.0,0.0,0.0,0.0,0.0,0.0,0.0,0.0,0.0,0.0,0.09778857011509219,0.11157043916190326,0.0,0.04940726072681487,0.0,0.0,0.0,0.0,0.09704537795199755,0.0,0.0,0.0,0.0,0.0,0.0,0.0,0.0,0.0
hawk,0.09428846920090062,0.0,0.0,0.0,0.0,0.0,0.08045020738175701,0.0,0.0,0.0,0.0,0.0,0.0,0.0,0.0,0.05424075919531681,0.0,0.0,0.0,0.0,0.0,0.0,0.0,0.0,0.0,0.0,0.0,0.0,0.0,0.0,0.0,0.0,0.0,0.0,0.0,0.0,0.0,0.09978660558501613,0.04982348874969031,0.10966275389564274,0.0,0.0,0.0,0.0,0.0,0.0,0.0,0.0,0.09603313038278413,0.0,0.0,0.0,0.9210890995124092,0.0,0.0,0.0,0.0,0.10623158347818283,0.0,0.0,0.0,0.0,0.11828138338694041,0.10966275389564274,0.0,0.0,0.10966275389564274,0.0,0.0,0.0,0.0,0.0,0.0,0.0,0.0,0.04982348874969031,0.0,0.0,0.0,0.0,0.0,0.0,0.0,0.0,0.04930619155266505,0.05424075919531681,0.0,0.0,0.0,0.0,0.0,0.04982348874969031,0.0,0.0,0.0,0.0,0.0,0.0,0.0,0.0,0.0,0.0,0.0,0.0,0.0,0.0,0.0,0.0,0.05424075919531681,0.0,0.0,0.0,0.0,0.0,0.0,0.0,0.0,0.0,0.0,0.0,0.0,0.09786292997167949,0.04930619155266505,0.15001380872924058,0.0,0.04982348874969031,0.0,0.0,0.0,0.0,0.0,0.0,0.0,0.0,0.0,0.0,0.0,0.0,0.0,0.0
falcon,0.0,0.0,0.0,0.09449137857152809,0.0,0.0,0.11873794447135395,0.0,0.0,0.0,0.0,0.0,0.0,0.0,0.0,0.0533699577500244,0.0,0.0,0.0,0.0,0.0,0.0,0.0,0.20457794205581584,0.0,0.0,0.0,0.0,0.0,0.0,0.0,0.0,0.0,0.0,0.0,0.0,0.9063015904325632,0.09818459407829375,0.09804720763419457,0.0,0.0,0.0,0.0,0.0,0.0,0.0,0.0,0.0,0.0,0.0,0.0,0.0,0.0,0.0,0.0,0.0,0.0,0.0,0.0,0.0,0.0,0.0,0.07758829986436337,0.0,0.0,0.0,0.0,0.0,0.0,0.0,0.0,0.0,0.0,0.0,0.0,0.09804720763419457,0.0,0.0,0.0,0.0,0.0,0.0,0.0,0.0,0.09702922300569668,0.0533699577500244,0.0,0.0,0.0,0.0,0.0,0.09804720763419457,0.0,0.0,0.10228897102790792,0.0,0.0,0.0,0.0,0.0,0.0,0.0,0.0,0.0,0.0,0.0,0.0,0.0,0.0533699577500244,0.0,0.0,0.0,0.0,0.0,0.0,0.0,0.0,0.0,0.0,0.0,0.0,0.0,0.09702922300569668,0.14760543090796333,0.0,0.09804720763419457,0.0,0.0,0.0,0.0,0.0,0.0,0.0,0.0,0.0,0.0,0.0,0.0,0.0,0.0
vulture,0.0,0.0,0.0,0.0,0.0,0.0,0.08061500488089315,0.0,0.0,0.0,0.0,0.0,0.0,0.0,0.0,0.10870373637508747,0.0,0.0,0.0,0.0,0.0,0.0,0.0,0.0,0.0,0.0,0.0,0.0,0.0,0.0,0.0,0.0,0.0,0.0,0.0,0.0,0.0,0.0,0.0,0.054943695785637583,0.0,0.0,0.09806339640479804,0.0,0.0,0.0,0.0,0.0,0.0,0.0,0.0,0.0,0.0,0.0,0.0,0.0,0.0,0.0,0.0,0.0,0.11425233719694881,0.0,0.11852367581614491,0.054943695785637583,0.0,0.0,0.054943695785637583,0.0,0.0,0.0,0.0,0.0,0.0,0.0,0.0896776002057661,0.0,0.0,0.0,0.0,0.0,0.0,0.0,0.0,0.0,0.09881438474893678,0.10870373637508747,0.0,0.0,0.0,0.0,0.0,0.0,0.0,0.0,0.10417090259633546,0.0,0.0,0.0,0.0,0.0,0.0,0.0,0.0,0.0,0.0,0.0,0.0,0.0,0.10870373637508747,0.0,0.0,0.0,0.09622984857949678,0.0,0.0,0.0,0.0,0.0,0.0,0.0,0.0,0.0,0.09881438474893678,0.11274082736843952,0.0,0.0,0.0,0.0,0.0,0.0,0.0,0.0,0.9229758961412968,0.0,0.0,0.0,0.0,0.0,0.0,0.0
bat,0.0,0.0,0.0,0.0,0.0,0.9012214717085562,0.0393574597366456,0.0,0.09396172329274903,0.0,0.0,0.0,0.0,0.0,0.0,0.05307080157008659,0.0,0.0,0.0,0.0,0.0,0.0,0.0,0.0,0.0,0.0,0.0,0.0,0.0,0.0,0.0,0.0,0.0,0.0,0.0,0.0,0.0,0.0,0.0,0.16094603960099227,0.09225469395237122,0.0,0.0,0.0,0.0,0.0,0.0,0.0,0.0,0.0,0.0,0.0,0.0,0.0,0.0,0.0,0.0,0.10394019867873644,0.0,0.05138984293309379,0.0,0.0,0.11573008785809247,0.16094603960099227,0.0,0.0,0.16094603960099227,0.0,0.0,0.0,0.05138984293309379,0.0,0.0,0.0,0.0,0.0,0.0,0.0,0.0,0.0,0.0,0.0,0.0,0.0,0.0,0.05307080157008659,0.0,0.0,0.0,0.0,0.0,0.0,0.0,0.0,0.0,0.0,0.0,0.0,0.0,0.0,0.0,0.0,0.0,0.0,0.0,0.0,0.0,0.0,0.05307080157008659,0.0,0.0,0.0,0.0,0.0,0.0,0.0,0.0,0.17812370761461951,0.0,0.0,0.0,0.0,0.0,0.14677805388332102,0.0,0.0,0.0,0.0,0.0,0.0,0.0,0.0,0.0,0.0,0.0,0.0,0.0,0.0,0.0,0.0
dolphin,0.0,0.0,0.0,0.09553547668399484,0.0,0.0,0.08003330601540236,0.0,0.0,0.0,0.0,0.0,0.0,0.0,0.0,0.0,0.0,0.0,0.0,0.0,0.0,0.0,0.0,0.0,0.0,0.0,0.0,0.0,0.0,0.9163159197206046,0.0,0.0,0.0,0.0,0.0,0.0,0.0,0.0,0.09913059646787536,0.0,0.0,0.0,0.0,0.0,0.0,0.0,0.0,0.0,0.0,0.0,0.0,0.0,0.0,0.0,0.0,0.0,0.0,0.0,0.0,0.10450113023219969,0.0,0.0,0.03922281230679485,0.0,0.0,0.0,0.0,0.0,0.0,0.0,0.10450113023219969,0.0,0.0,0.0,0.0,0.09913059646787536,0.0,0.0,0.0,0.11066301713077917,0.0,0.0,0.0,0.0,0.049050681724946296,0.0,0.0,0.0,0.0,0.0,0.0,0.09913059646787536,0.0,0.0,0.0,0.0,0.0,0.0,0.0,0.0,0.0,0.0,0.0,0.10808895481792478,0.0,0.0,0.0,0.0,0.0,0.0,0.0,0.0,0.0,0.0,0.0,0.0,0.0,0.0,0.0,0.0,0.0,0.0,0.049050681724946296,0.1865455269057185,0.0,0.09913059646787536,0.0,0.0,0.0,0.0,0.09735579406055549,0.0,0.0,0.0,0.0,0.0,0.09553547668399484,0.0,0.0,0.0
whale,0.0,0.0,0.0,0.0,0.0,0.0,0.08148181780123466,0.0,0.0,0.0,0.0,0.0,0.0,0.0,0.0,0.05493628670441004,0.0,0.0,0.0,0.0,0.0,0.0,0.0,0.0,0.0,0.0,0.0,0.0,0.0,0.0,0.0,0.0,0.1100452419284676,0.0,0.0,0.0,0.0,0.0,0.05046237374205595,0.0,0.09549752720621663,0.0,0.09911782317239347,0.0,0.0,0.0,0.0,0.0,0.0,0.0,0.0,0.0,0.0,0.0,0.0,0.0,0.0,0.0,0.0,0.10639248179957099,0.0,0.0,0.039932700586168775,0.0,0.0,0.0,0.0,0.0,0.0,0.0,0.10639248179957099,0.0,0.0,0.0,0.0,0.05046237374205595,0.0,0.0,0.0,0.0,0.0,0.0,0.0,0.0,0.04993844325972559,0.05493628670441004,0.0,0.0,0.0,0.0,0.0,0.05046237374205595,0.0,0.0,0.0,0.0,0.0,0.0,0.0,0.0,0.0,0.0,0.0,0.0,0.0,0.10311987469106064,0.0,0.0,0.05493628670441004,0.0,0.0,0.0,0.0,0.0,0.0,0.0,0.0,0.0,0.0,0.0,0.0,0.0,0.04993844325972559,0.15193743096946993,0.0,0.05046237374205595,0.0,0.0,0.0,0.0,0.09911782317239347,0.0,0.0,0.0,0.0,0.9329001953846091,0.0,0.0,0.0,0.0
shark,0.0,0.0,0.0,0.09649309064313512,0.0,0.0,0.12125329751624786,0.0,0.0,0.0,0.0,0.0,0.0,0.0,0.0,0.1090011014474739,0.0,0.0,0.0,0.0,0.0,0.0,0.0,0.0,0.0,0.0,0.0,0.0,0.0,0.0,0.0,0.0,0.0,0.0,0.0,0.09146121666478176,0.0,0.0,0.05006212332054681,0.0,0.0,0.0,0.0,0.0,0.0,0.0,0.0,0.0,0.09649309064313512,0.0,0.0,0.0,0.0,0.0,0.0,0.0,0.0,0.0,0.0,0.0,0.0,0.0,0.07923193591668741,0.0,0.0,0.0,0.0,0.0,0.0,0.0,0.0,0.0,0.0,0.0,0.08992291823222852,0.05006212332054681,0.0,0.0,0.0,0.0,0.0,0.0,0.0,0.0,0.09908469695395884,0.1090011014474739,0.0,0.0,0.0,0.0,0.0,0.05006212332054681,0.0,0.0,0.0,0.0,0.0,0.0,0.0,0.0,0.0,0.0,0.0,0.0,0.0,0.0,0.0,0.0,0.1090011014474739,0.9255007476626828,0.0,0.0,0.09649309064313512,0.0,0.0,0.0,0.0,0.0,0.0,0.0,0.0,0.0,0.09908469695395884,0.11304923612612601,0.0,0.05006212332054681,0.0,0.0,0.0,0.0,0.0,0.0,0.0,0.0,0.0,0.0,0.0,0.0,0.0,0.0
octopus,0.0,0.0,0.0,0.0,0.0,0.0,0.0,0.0,0.0,0.0,0.0,0.0,0.0,0.0,0.0,0.0,0.0,0.0,0.0,0.0,0.0,0.0,0.0,0.0,0.0,0.0,0.0,0.0,0.0,0.0,0.0,0.0,0.0,0.0,0.0,0.0,0.0,0.0,0.0,0.2040095295550939,0.0,0.0,0.0,0.0,0.0,0.0,0.0,0.0,0.0,0.0,0.0,0.0,0.0,0.0,0.0,0.0,0.0,0.0,0.0,0.04885496580103172,0.21211319359601946,0.0,0.14669538211584282,0.2040095295550939,0.0,0.0,0.2040095295550939,0.0,0.0,0.0,0.04885496580103172,0.0,0.0,0.0,0.0,0.0,0.0,0.0,0.0,0.10347137691908581,0.0,0.0,0.0,0.856767440149604,0.0,0.0,0.0,0.0,0.0,0.0,0.0,0.0,0.0,0.0,0.0,0.0,0.0,0.0,0.0,0.0,0.0,0.0,0.0,0.0,0.0,0.0,0.0,0.0,0.0,0.0,0.0,0.0,0.0,0.0,0.0,0.0,0.0,0.16933750226080552,0.0,0.0,0.0,0.0,0.0,0.17442252188208668,0.0,0.0,0.0,0.0,0.0,0.0,0.0,0.0,0.0,0.0,0.0,0.0,0.0,0.0,0.0,0.0
squid,0.0,0.0,0.0,0.0,0.0,0.0,0.07929045450254776,0.0,0.0,0.0,0.0,0.0,0.0,0.0,0.0,0.0,0.0,0.0,0.0,0.0,0.0,0.0,0.0,0.0,0.0,0.0,0.0,0.0,0.0,0.0,0.0,0.0,0.0,0.0,0.0,0.0,0.0,0.19669620669981178,0.09821048811270922,0.0,0.0,0.0,0.0,0.0,0.0,0.0,0.0,0.0,0.09464873743855702,0.0,0.0,0.0,0.0,0.0,0.0,0.0,0.0,0.0,0.0,0.1035311737659122,0.0,0.0,0.03885875480484801,0.0,0.0,0.0,0.0,0.0,0.0,0.0,0.1035311737659122,0.0,0.0,0.0,0.0,0.09821048811270922,0.0,0.0,0.0,0.0,0.0,0.0,0.1070856969543309,0.0,0.04859540410441525,0.0,0.0,0.0,0.0,0.0,0.0,0.09821048811270922,0.0,0.0,0.0,0.0,0.0,0.0,0.0,0.0,0.0,0.0,0.0,0.0,0.0,0.10034657980318248,0.0,0.0,0.0,0.0,0.0,0.0,0.0,0.0,0.0,0.0,0.0,0.0,0.907810877243836,0.0,0.0,0.0,0.04859540410441525,0.1848140524261874,0.0,0.09821048811270922,0.0,0.0,0.0,0.0,0.0,0.0,0.0,0.0,0.0,0.0,0.0,0.0,0.0,0.0
crab,0.0,0.0,0.0,0.0,0.0,0.0,0.1589288172596652,0.0,0.0,0.0,0.0,0.0,0.0,0.0,0.0,0.16072835583764053,0.0,0.0,0.0,0.0,0.0,0.0,0.0,0.0,0.0,0.9098025097786901,0.0,0.0,0.0,0.0,0.0,0.0,0.0,0.0,0.0,0.0,0.0,0.09856386776437022,0.04921297530759442,0.0,0.0931331029404006,0.0,0.0,0.0,0.0,0.0,0.0,0.0,0.0,0.0,0.0,0.0,0.0,0.0,0.0,0.0,0.0,0.10492987194982331,0.0,0.05187915462003249,0.0,0.0,0.0,0.0,0.0,0.0,0.0,0.0,0.0,0.0,0.05187915462003249,0.0,0.0,0.0,0.0,0.04921297530759442,0.0,0.0,0.0,0.0,0.0,0.0,0.0,0.0,0.0,0.16072835583764053,0.0,0.0,0.0,0.0,0.0,0.04921297530759442,0.0,0.0,0.10268409936194968,0.0,0.0,0.0,0.0,0.0,0.0,0.0,0.0,0.0,0.0,0.0,0.0,0.0,0.16072835583764053,0.0,0.0,0.0,0.09485638587017509,0.0,0.0,0.0,0.0,0.0,0.0,0.0,0.0,0.0,0.0,0.07408780527072381,0.0,0.04921297530759442,0.0,0.0,0.0,0.0,0.0,0.0,0.0,0.0,0.0,0.0,0.0,0.0,0.0,0.0
lobster,0.0,0.0,0.0,0.0,0.0,0.0,0.12098528614083486,0.0,0.0,0.0,0.0,0.0,0.0,0.0,0.0,0.05438008581383808,0.0,0.0,0.0,0.0,0.0,0.0,0.0,0.0,0.0,0.0,0.0,0.0,0.0,0.0,0.0,0.0,0.0,0.0,0.0,0.0,0.0,0.10004292445916413,0.0999029377150343,0.0,0.09453066517629254,0.0,0.09811430755772027,0.0,0.0,0.0,0.0,0.0,0.0,0.0,0.0,0.0,0.0,0.0,0.0,0.0,0.0,0.0,0.0,0.05265765705405269,0.0,0.0,0.03952840308152532,0.0,0.0,0.0,0.0,0.0,0.0,0.0,0.05265765705405269,0.0,0.0,0.9234550735786967,0.0,0.0999029377150343,0.0,0.0,0.0,0.0,0.0,0.0,0.0,0.0,0.04943284289462834,0.05438008581383808,0.0,0.0,0.0,0.0,0.0,0.0999029377150343,0.0,0.0,0.0,0.0,0.0,0.0,0.0,0.0,0.0,0.10650445737459859,0.0,0.0,0.0,0.0,0.0,0.0,0.05438008581383808,0.0,0.0,0.0,0.09627980781725855,0.0,0.0,0.0,0.0,0.0,0.0,0.0,0.0,0.0,0.04943284289462834,0.15039914472032578,0.0,0.0999029377150343,0.0,0.0,0.0,0.0,0.0,0.0,0.0,0.0,0.0,0.0,0.0,0.0,0.0,0.0
starfish,0.09193536761104425,0.0,0.0,0.0,0.0,0.0,0.0,0.0,0.0,0.0,0.0,0.0,0.0,0.0,0.0,0.0,0.0,0.0,0.0,0.0,0.0,0.0,0.0,0.0,0.0,0.0,0.0,0.0,0.0,0.0,0.0,0.0,0.0,0.0,0.0,0.0,0.0,0.0,0.0,0.1603889480561069,0.0,0.0,0.0,0.0,0.0,0.0,0.0,0.0,0.0,0.0,0.0,0.0,0.0,0.0,0.0,0.0,0.0,0.0,0.0,0.051211964390310206,0.11117327726104892,0.0,0.1537726730939773,0.1603889480561069,0.0,0.0,0.1603889480561069,0.0,0.0,0.0,0.051211964390310206,0.0,0.0,0.0,0.08726082070947236,0.0,0.0,0.0,0.0,0.10846333393778948,0.0,0.0,0.0,0.0,0.0480756860760608,0.0,0.0,0.0,0.0,0.0,0.0,0.0,0.0,0.0,0.0,0.0,0.0,0.0,0.0,0.0,0.0,0.0,0.0,0.0,0.0,0.0,0.0,0.0,0.0,0.0,0.0,0.0,0.0,0.0,0.0,0.0,0.0,0.0,0.0,0.0,0.8981020233319285,0.09542062267730927,0.0480756860760608,0.18283750347656347,0.0,0.0,0.0,0.0,0.0,0.0,0.0,0.0,0.0,0.0,0.0,0.0,0.0,0.0,0.0,0.0
jellyfish,0.0,0.0,0.0,0.0,0.0,0.0,0.08165947995877813,0.0,0.0,0.0,0.0,0.0,0.0,0.0,0.0,0.05505606924592305,0.0,0.0,0.0,0.0,0.0,0.0,0.0,0.0,0.0,0.0,0.0,0.0,0.0,0.0,0.0,0.0,0.0,0.0,0.0,0.09239347146302243,0.0,0.10128652969478724,0.05057240140756101,0.055655564761143826,0.0,0.0,0.0,0.0,0.0,0.0,0.0,0.0,0.0,0.0,0.0,0.0,0.0,0.0,0.0,0.0,0.0,0.0,0.0,0.053312229462467206,0.0,0.0,0.08003953891089371,0.055655564761143826,0.9349342818342887,0.0,0.055655564761143826,0.0,0.0,0.0,0.053312229462467206,0.0,0.0,0.0,0.0,0.05057240140756101,0.0,0.0,0.0,0.0,0.0,0.0,0.0,0.0,0.05004732855233808,0.05505606924592305,0.0,0.0,0.0,0.0,0.0,0.05057240140756101,0.0,0.0,0.0,0.0,0.0,0.0,0.0,0.0,0.0,0.0,0.0,0.11028518349624283,0.0,0.0,0.0,0.0,0.05505606924592305,0.0,0.0,0.0,0.0,0.0,0.0,0.0,0.0,0.0,0.0,0.0,0.0,0.0993339387033304,0.05004732855233808,0.15226871385595997,0.0,0.05057240140756101,0.0,0.0,0.0,0.0,0.0,0.0,0.0,0.0,0.0,0.0,0.09747663481660525,0.0,0.0,0.0
seal,0.0,0.0,0.0,0.0,0.0,0.0,0.15828386670739558,0.0,0.0,0.0,0.0,0.0,0.0,0.0,0.0,0.16007610256066868,0.0,0.0,0.0,0.0,0.0,0.0,0.0,0.0,0.0,0.0,0.0,0.0,0.0,0.0,0.0,0.0,0.1068851117661536,0.0,0.0,0.08954499789289022,0.0,0.0,0.04901326366214999,0.05393971403335352,0.0,0.0,0.0,0.0,0.0,0.0,0.0,0.0,0.0,0.0,0.0,0.0,0.0,0.0,0.0,0.0,0.0,0.0,0.0,0.0,0.11216461339058037,0.0,0.03878596739376929,0.05393971403335352,0.0,0.0,0.05393971403335352,0.0,0.0,0.0,0.0,0.0,0.0,0.0,0.0,0.04901326366214999,0.0,0.0,0.0,0.0,0.0,0.0,0.0,0.0,0.0,0.16007610256066868,0.0,0.0,0.0,0.0,0.0,0.04901326366214999,0.0,0.0,0.10226739603693472,0.0,0.0,0.0,0.0,0.0,0.0,0.0,0.0,0.0,0.0,0.0,0.0,0.9061104315183999,0.16007610256066868,0.0,0.0,0.0,0.0,0.0,0.0,0.0,0.0,0.0,0.0,0.0,0.0,0.0,0.0,0.07378714884006701,0.0,0.04901326366214999,0.0,0.0,0.0,0.0,0.09627149181684436,0.0,0.0,0.0,0.0,0.0,0.0,0.0,0.0,0.0
sea lion,0.0,0.0,0.0,0.0,0.0,0.0,0.030654268160165043,0.0,0.0,0.0,0.0,0.0,0.0,0.0,0.0,0.0,0.0,0.0,0.0,0.0,0.0,0.0,0.0,0.0,0.0,0.0,0.0,0.0,0.0,0.0,0.0,0.0,0.0,0.0,0.0,0.0,0.0,0.0,0.037968891181610696,0.04178524300313369,0.0,0.0,0.0,0.0,0.0,0.0,0.0,0.0,0.0,0.0,0.0,0.0,0.0,0.0,0.0,0.0,0.0,0.0,0.0,0.04002590707125964,0.0,0.0,0.0901384685683423,0.04178524300313369,0.0,0.0,0.04178524300313369,0.0,0.0,0.6439912780883207,0.04002590707125964,0.0,0.0,0.0,0.13640146564422903,0.037968891181610696,0.0,0.0,0.0,0.0,0.0,0.0,0.08280022333459448,0.0,0.07514935098375376,0.0,0.0,0.0,0.0,0.0,0.0,0.037968891181610696,0.0,0.0,0.0,0.0,0.0,0.0,0.0,0.0,0.0,0.08095570050096879,0.0,0.0,0.0,0.0,0.7019326158321628,0.0,0.0,0.0,0.0,0.0,0.0,0.0,0.0,0.0,0.0,0.0,0.0,0.0,0.0,0.07457821666154164,0.07514935098375376,0.14290092189235998,0.0,0.037968891181610696,0.0,0.0,0.0,0.0,0.0,0.0,0.0,0.0,0.0,0.0,0.0,0.0,0.0,0.0
walrus,0.0,0.0,0.0,0.0,0.0,0.0,0.0,0.0,0.0,0.0,0.0,0.0,0.0,0.0,0.0,0.0,0.0,0.0,0.0,0.0,0.0,0.0,0.0,0.0,0.0,0.0,0.0,0.0,0.0,0.0,0.0,0.0,0.0,0.0,0.0,0.0,0.0,0.0,0.0,0.10679675676110467,0.0,0.0,0.0,0.0,0.0,0.0,0.0,0.0,0.0,0.0,0.0,0.0,0.0,0.0,0.0,0.0,0.0,0.0,0.0,0.15345024060209433,0.11103893622860214,0.0,0.07679342762060594,0.10679675676110467,0.0,0.0,0.10679675676110467,0.0,0.0,0.0,0.15345024060209433,0.0,0.0,0.0,0.0,0.0,0.0,0.0,0.0,0.0,0.0,0.0,0.0,0.0,0.0,0.0,0.0,0.0,0.0,0.0,0.0,0.0,0.0,0.0,0.0,0.0,0.0,0.0,0.0,0.0,0.0,0.0,0.0,0.2116248387155883,0.0,0.09915343211318828,0.0,0.0,0.0,0.0,0.0,0.0,0.0,0.0,0.0,0.0,0.0,0.08864632980096347,0.0,0.0,0.0,0.0,0.0,0.18261656388035677,0.0,0.0,0.0,0.0,0.0,0.0,0.0,0.0,0.0,0.8970167629525511,0.0,0.0,0.0,0.0,0.0,0.0
otter,0.0,0.0,0.0,0.0,0.0,0.0,0.07874592843373215,0.0,0.09399873858006742,0.0,0.0,0.0,0.0,0.0,0.0,0.0,0.0,0.0,0.0,0.0,0.0,0.0,0.0,0.0,0.0,0.0,0.0,0.0,0.0,0.0,0.0,0.0,0.0,0.0,0.0,0.0,0.0,0.0,0.09753602898211164,0.10733962846279077,0.0,0.0,0.0,0.0,0.0,0.0,0.0,0.0,0.0,0.0,0.0,0.0,0.0,0.0,0.0,0.0,0.0,0.0,0.0,0.05141008745112471,0.0,0.19157955039933697,0.07718378571756539,0.10733962846279077,0.0,0.0,0.10733962846279077,0.0,0.0,0.0,0.05141008745112471,0.0,0.0,0.0,0.0,0.09753602898211164,0.0,0.0,0.0,0.0,0.0,0.0,0.0,0.0,0.0,0.0,0.0,0.9015764989530956,0.0,0.0,0.0,0.09753602898211164,0.0,0.0,0.0,0.0,0.0,0.0,0.0,0.0,0.0,0.0,0.0,0.0,0.0,0.099657451093275,0.0,0.0,0.0,0.0,0.0,0.0,0.0,0.0,0.0,0.0,0.0,0.08909693883972786,0.0,0.0,0.0,0.0,0.0,0.18354484454913733,0.0,0.09753602898211164,0.0,0.0,0.0,0.0,0.0,0.0,0.0,0.0,0.0,0.0,0.0,0.0,0.0,0.0
beaver,0.0,0.0,0.0,0.09637895299688887,0.0,0.0,0.12110987205556607,0.0,0.0,0.924406011487965,0.0,0.0,0.0,0.0,0.0,0.05443608429886371,0.0,0.0,0.0,0.0,0.0,0.0,0.0,0.0,0.0,0.0,0.0,0.0,0.0,0.0,0.0,0.0,0.0,0.0,0.0,0.0,0.0,0.10014594474909941,0.10000581385209675,0.0,0.09462800915725754,0.0,0.0,0.0,0.0,0.0,0.0,0.0,0.0,0.0,0.0,0.0,0.0,0.0,0.0,0.0,0.0,0.0,0.0,0.052711881849322795,0.0,0.0,0.039569107884670086,0.0,0.0,0.0,0.0,0.0,0.0,0.0,0.052711881849322795,0.0,0.0,0.0,0.0898165521684802,0.10000581385209675,0.0,0.0,0.0,0.0,0.0,0.0,0.0,0.0,0.0494837469024316,0.05443608429886371,0.0,0.0,0.0,0.0,0.0,0.10000581385209675,0.0,0.0,0.1043323113688745,0.0,0.0,0.0,0.0,0.0,0.0,0.0,0.0,0.0,0.0,0.0,0.0,0.0,0.05443608429886371,0.0,0.0,0.0,0.0,0.0,0.0,0.0,0.0,0.0,0.0,0.0,0.0,0.0,0.0494837469024316,0.1505540198759539,0.0,0.10000581385209675,0.0,0.0,0.0,0.0,0.0,0.0,0.0,0.0,0.0,0.0,0.0,0.0,0.0,0.0
raccoon,0.09363823366421965,0.0,0.0,0.0,0.0,0.0,0.11984310564683454,0.0,0.09537086325083449,0.0,0.0,0.0,0.0,0.0,0.0,0.1077334042370312,0.0,0.0,0.0,0.0,0.0,0.0,0.0,0.0,0.0,0.0,0.0,0.0,0.0,0.0,0.0,0.0,0.10790271097891463,0.0,0.0,0.0,0.0,0.0,0.04947989421240447,0.10890649366321375,0.0,0.0,0.0,0.0,0.0,0.0,0.0,0.0,0.0,0.0,0.0,0.0,0.0,0.0,0.0,0.0,0.0,0.105498985406745,0.0,0.0,0.0,0.09718804410991286,0.07831045803430142,0.10890649366321375,0.0,0.0,0.10890649366321375,0.0,0.0,0.0,0.0,0.0,0.0,0.0,0.0,0.04947989421240447,0.0,0.0,0.0,0.0,0.0,0.0,0.0,0.0,0.0,0.1077334042370312,0.0,0.0,0.0,0.0,0.0,0.04947989421240447,0.0,0.0,0.0,0.0,0.0,0.0,0.9147370516954455,0.0,0.0,0.0,0.0,0.0,0.0,0.0,0.0,0.0,0.1077334042370312,0.0,0.0,0.0,0.0,0.0,0.0,0.0,0.0,0.0,0.0,0.0,0.0,0.0,0.0,0.11173445857455395,0.0,0.04947989421240447,0.0,0.0,0.0,0.0,0.0,0.0,0.0,0.0,0.0,0.0,0.0,0.0,0.0,0.0
skunk,0.0,0.0,0.0,0.0,0.0,0.0,0.11803573019547803,0.0,0.09393255809273723,0.0,0.0,0.0,0.0,0.0,0.0,0.053054328686359724,0.0,0.0,0.0,0.0,0.0,0.0,0.0,0.0,0.0,0.0,0.0,0.0,0.0,0.0,0.0,0.0,0.1062754107691486,0.0,0.0,0.0,0.0,0.0,0.0974673580400565,0.10726405522607697,0.0,0.0,0.0,0.0,0.0,0.0,0.0,0.0,0.0,0.0,0.0,0.0,0.0,0.0,0.0,0.0,0.0,0.0,0.0,0.0,0.0,0.19144466744027336,0.07712944391862277,0.10726405522607697,0.0,0.0,0.10726405522607697,0.0,0.0,0.0,0.0,0.0,0.0,0.0,0.0,0.0974673580400565,0.0,0.0,0.0,0.0,0.0,0.0,0.0,0.0,0.0,0.053054328686359724,0.0,0.0,0.0,0.0,0.0,0.0974673580400565,0.0,0.0,0.0,0.0,0.0,0.0,0.0,0.0,0.0,0.0,0.0,0.0,0.0,0.0,0.0,0.0,0.053054328686359724,0.0,0.0,0.9009417375406821,0.0,0.0,0.0,0.0,0.0,0.0,0.0,0.0,0.0,0.09572233372013668,0.0,0.1467324947859691,0.0,0.0974673580400565,0.0,0.0,0.0,0.0,0.0,0.0,0.0,0.0,0.0,0.0,0.0,0.0,0.0,0.0
hedgehog,0.09258150396304196,0.0,0.0,0.0,0.0,0.0,0.0,0.0,0.0,0.0,0.0,0.0,0.0,0.0,0.0,0.0,0.0,0.0,0.0,0.0,0.0,0.0,0.0,0.0,0.0,0.0,0.0,0.0,0.0,0.0,0.0,0.0,0.0,0.0,0.0,0.0,0.0,0.0,0.0,0.10767745802251891,0.0,0.0,0.0,0.0,0.0,0.0,0.0,0.0,0.18858916082672242,0.0,0.0,0.0,0.0,0.9044140268639375,0.0,0.0,0.0,0.0,0.0,0.05157189020242842,0.0,0.0,0.15485341184133555,0.10767745802251891,0.0,0.0,0.10767745802251891,0.0,0.0,0.0,0.05157189020242842,0.0,0.0,0.0,0.0,0.0,0.0,0.0,0.0,0.1092256314598114,0.0,0.0,0.0,0.0,0.09682713925303527,0.0,0.0,0.0,0.0,0.0,0.0,0.0,0.0,0.0,0.0,0.0,0.0,0.0,0.0,0.0,0.0,0.0,0.0,0.0,0.0,0.0,0.0,0.0,0.0,0.0,0.0,0.0,0.0,0.0,0.0,0.0,0.0,0.0,0.0,0.0,0.0,0.09609125395495764,0.09682713925303527,0.18412251446389674,0.0,0.0,0.0,0.0,0.0,0.0,0.0,0.0,0.0,0.0,0.0,0.0,0.0,0.0,0.0,0.0
porcupine,0.09569354101753826,0.0,0.0,0.09746420086370194,0.0,0.0,0.08164906361510946,0.0,0.0,0.0,0.0,0.0,0.0,0.0,0.0,0.05504904638784703,0.0,0.0,0.0,0.0,0.0,0.0,0.0,0.10550711577203505,0.0,0.0,0.0,0.0,0.0,0.0,0.0,0.0,0.0,0.0,0.0,0.0,0.0,0.0,0.05056595047848973,0.055648465432444706,0.09569354101753826,0.0,0.0,0.0,0.0,0.0,0.0,0.0,0.0,0.0,0.0,0.0,0.0,0.0,0.0,0.0,0.0,0.10781462968995181,0.0,0.05330542904561291,0.0,0.0,0.08002932920413586,0.055648465432444706,0.0,0.0,0.055648465432444706,0.0,0.0,0.0,0.05330542904561291,0.0,0.0,0.0,0.0,0.05056595047848973,0.0,0.0,0.0,0.0,0.0,0.0,0.0,0.0,0.050040944600662614,0.05504904638784703,0.0,0.0,0.0,0.0,0.0,0.05056595047848973,0.0,0.0,0.0,0.934815023215545,0.0,0.0,0.0,0.0,0.0,0.0,0.0,0.0,0.0,0.0,0.0,0.0,0.05504904638784703,0.0,0.0,0.0,0.0,0.0,0.0,0.0,0.0,0.0,0.0,0.0,0.0,0.0,0.050040944600662614,0.1522492907191201,0.0,0.05056595047848973,0.0,0.0,0.0,0.0,0.0,0.0,0.0,0.0,0.0,0.0,0.0,0.0,0.0,0.0
squirrel,0.0,0.0,0.0,0.09669266667815307,0.0,0.0,0.12150408492693038,0.0,0.0,0.0,0.0,0.0,0.0,0.0,0.0,0.10922654772030528,0.0,0.0,0.0,0.0,0.0,0.0,0.0,0.0,0.0,0.0,0.0,0.0,0.0,0.0,0.0,0.0,0.0,0.0,0.0,0.09165038530740906,0.0,0.0,0.050165666486283365,0.05520794785702738,0.0,0.0,0.0,0.0,0.0,0.0,0.0,0.0,0.0,0.0,0.0,0.0,0.0,0.0,0.0,0.0,0.0,0.10696116070574072,0.0,0.05288345912825265,0.0,0.0,0.03969790540853654,0.05520794785702738,0.0,0.0,0.05520794785702738,0.0,0.0,0.0,0.05288345912825265,0.0,0.0,0.0,0.0,0.050165666486283365,0.0,0.0,0.0,0.11200344207648474,0.0,0.0,0.0,0.0,0.0,0.10922654772030528,0.0,0.0,0.0,0.0,0.0,0.050165666486283365,0.0,0.0,0.0,0.0,0.0,0.0,0.0,0.0,0.0,0.0,0.0,0.0,0.0,0.0,0.0,0.0,0.10922654772030528,0.0,0.0,0.0,0.0,0.0,0.0,0.0,0.0,0.09165038530740906,0.0,0.9274149548706142,0.0,0.0,0.0,0.11328305512971977,0.0,0.050165666486283365,0.0,0.0,0.0,0.0,0.0,0.0,0.0,0.0,0.0,0.0,0.0,0.0,0.0,0.0
chipmunk,0.09387828012211268,0.0,0.0,0.0,0.0,0.0,0.040050109883396544,0.0,0.0,0.0,0.0,0.0,0.0,0.0,0.0,0.0,0.0,0.0,0.0,0.0,0.0,0.9170820274662442,0.0,0.0,0.0,0.0,0.0,0.0,0.0,0.0,0.0,0.0,0.0,0.0,0.0,0.0,0.0,0.0,0.0496067384818639,0.0545928405478828,0.09387828012211268,0.0,0.19487438138118102,0.0,0.0,0.0,0.0,0.0,0.0,0.0,0.0,0.0,0.0,0.0,0.0,0.0,0.0,0.0,0.0,0.052294250445349286,0.0,0.0,0.1177668164192036,0.0545928405478828,0.0,0.0,0.0545928405478828,0.0,0.0,0.0,0.052294250445349286,0.0,0.0,0.0,0.0,0.0496067384818639,0.0,0.0,0.0,0.0,0.0,0.0,0.0,0.0,0.09818338343097041,0.0,0.0,0.0,0.0,0.0,0.0,0.0496067384818639,0.0,0.0,0.0,0.0,0.0,0.0,0.0,0.0,0.0,0.0,0.0,0.0,0.0,0.0,0.0,0.0,0.0,0.0,0.0,0.0,0.0,0.0,0.0,0.0,0.0,0.0,0.0,0.0,0.0,0.0,0.09818338343097041,0.18670149273584452,0.0,0.0496067384818639,0.0,0.0,0.0,0.0,0.09743719069059051,0.0,0.0,0.0,0.0,0.0,0.0,0.0,0.0,0.0
mouse,0.0,0.0,0.0,0.0,0.0,0.0,0.1920389887803448,0.0,0.0,0.0,0.0,0.0,0.0,0.0,0.0,0.10358049666292198,0.0,0.0,0.0,0.0,0.0,0.0,0.0,0.0,0.0,0.0,0.0,0.0,0.0,0.0,0.0,0.0,0.0,0.0,0.0,0.08691286713371796,0.0,0.1905568122596538,0.14271762932711707,0.0,0.0,0.0,0.0,0.0,0.0,0.0,0.0,0.0,0.0,0.0,0.0,0.0,0.0,0.0,0.0,0.0,0.0,0.10143221021608494,0.0,0.0,0.0,0.0,0.0,0.0,0.0,0.0,0.0,0.0,0.0,0.0,0.0,0.0,0.0,0.0,0.0,0.14271762932711707,0.0,0.0,0.0,0.0,0.8794757652151043,0.0,0.0,0.0,0.0,0.10358049666292198,0.0,0.0,0.0,0.0,0.0,0.14271762932711707,0.0,0.0,0.0,0.0,0.0,0.0,0.0,0.0,0.0,0.10143221021608494,0.0,0.0,0.0,0.0,0.0,0.0,0.10358049666292198,0.0,0.0,0.0,0.0,0.0,0.0,0.0,0.0,0.0,0.0,0.0,0.0,0.0,0.0,0.10742731834641885,0.0,0.14271762932711707,0.0,0.0,0.0,0.0,0.0,0.0,0.0,0.0,0.0,0.0,0.0,0.0,0.0,0.0
rat,0.0,0.0,0.0,0.09426773747835006,0.0,0.0,0.039485638962894046,0.0,0.0,0.0,0.0,0.0,0.0,0.0,0.0,0.0,0.0,0.0,0.0,0.0,0.0,0.0,0.0,0.0,0.0,0.0,0.0,0.0,0.0,0.0,0.0,0.0,0.0,0.0,0.0,0.0,0.0,0.0,0.04890757532312328,0.053823402684999806,0.0,0.0,0.1921277991180898,0.0,0.0,0.0,0.0,0.0,0.0,0.0,0.0,0.0,0.0,0.0,0.0,0.0,0.0,0.0,0.0,0.0,0.0,0.0,0.15480932956161078,0.053823402684999806,0.0,0.0,0.053823402684999806,0.0,0.0,0.0,0.0,0.0,0.0,0.0,0.0,0.04890757532312328,0.0,0.0,0.0,0.0,0.0,0.0,0.0,0.0,0.1451993630578489,0.0,0.0,0.0,0.0,0.0,0.0,0.04890757532312328,0.0,0.0,0.0,0.0,0.0,0.0,0.0,0.9041565663944189,0.0,0.0,0.0,0.0,0.0,0.0,0.0,0.0,0.0,0.0,0.0,0.0,0.0,0.0,0.0,0.0,0.0,0.08935191011647352,0.0,0.0,0.0,0.0,0.1451993630578489,0.1840701001186801,0.0,0.04890757532312328,0.0,0.0,0.0,0.0,0.0,0.0,0.0,0.0,0.0,0.0,0.09426773747835006,0.0,0.0,0.0
hamster,0.0,0.0,0.0,0.0,0.0,0.0,0.04024098061421901,0.0,0.0960710348381947,0.0,0.0,0.0,0.0,0.0,0.0,0.054262168123987146,0.0,0.0,0.0,0.0,0.0,0.0,0.0,0.0,0.0,0.0,0.0,0.0,0.0,0.0,0.0,0.0,0.10869488596665562,0.0,0.0,0.0,0.0,0.0,0.0,0.10970603798883713,0.0,0.0,0.0,0.0,0.0,0.0,0.0,0.0,0.0,0.0,0.9214526550953884,0.0,0.0,0.0,0.0,0.0,0.0,0.0,0.0,0.10508694855185992,0.0,0.0,0.07888537951283069,0.10970603798883713,0.0,0.0,0.10970603798883713,0.0,0.0,0.0,0.10508694855185992,0.0,0.0,0.0,0.0,0.0,0.0,0.0,0.0,0.11128337810295273,0.0,0.0,0.10869488596665562,0.0,0.0,0.054262168123987146,0.0,0.0,0.0,0.0,0.0,0.0,0.0,0.0,0.0,0.0,0.0,0.0,0.0,0.0,0.0,0.0,0.0,0.0,0.0,0.0,0.0,0.0,0.054262168123987146,0.0,0.0,0.0,0.0,0.0,0.0,0.0,0.0,0.09106117001726532,0.0,0.0,0.0,0.0,0.0,0.15007301945892607,0.0,0.0,0.0,0.0,0.0,0.0,0.0,0.0,0.0,0.0,0.0,0.0,0.0,0.0,0.0,0.0
guinea pig,0.0,0.0,0.0,0.0,0.0,0.0,0.12194997688500704,0.0,0.0,0.0,0.0,0.0,0.0,0.0,0.0,0.12333080694321616,0.0,0.0,0.0,0.0,0.0,0.0,0.0,0.0,0.0,0.0,0.0,0.0,0.0,0.0,0.0,0.0,0.0,0.0,0.0,0.0689900408068294,0.0,0.0,0.037762322180992514,0.0,0.0,0.0,0.0,0.0,0.0,0.0,0.0,0.0,0.0,0.6981137653353123,0.0,0.0,0.0,0.0,0.0,0.0,0.0,0.08051526261546822,0.0,0.0398081469164266,0.0,0.0,0.0,0.0,0.0,0.0,0.0,0.0,0.0,0.0,0.0398081469164266,0.0,0.0,0.0,0.0,0.037762322180992514,0.0,0.0,0.0,0.0,0.0,0.0,0.08234975035914259,0.0,0.0,0.12333080694321616,0.0,0.0,0.0,0.0,0.0,0.037762322180992514,0.6404876562921183,0.0,0.0,0.0,0.0,0.0,0.0,0.0,0.0,0.08051526261546822,0.0,0.0,0.0,0.0,0.0,0.0,0.12333080694321616,0.0,0.0,0.0,0.07278562984183834,0.0,0.0,0.0,0.0,0.0,0.0,0.0,0.0,0.0,0.0,0.05684938890260451,0.0,0.037762322180992514,0.0,0.0,0.0,0.0,0.0,0.0,0.0,0.0,0.0,0.0,0.0,0.0,0.0,0.0
chinchilla,0.09461932383679313,0.0,0.0,0.0,0.0,0.0,0.08073250408565254,0.0,0.0,0.0,0.0,0.0,0.0,0.0,0.0,0.10886217589385097,0.0,0.0,0.0,0.0,0.9243211659700205,0.0,0.0,0.0,0.0,0.0,0.0,0.0,0.0,0.0,0.0,0.0,0.0,0.0,0.0,0.0,0.0,0.0,0.0,0.05502377815455751,0.0,0.0,0.0982063272538452,0.0,0.0,0.0,0.0,0.0,0.0,0.0,0.0,0.0,0.0,0.0,0.0,0.0,0.0,0.0,0.0,0.0,0.0,0.0,0.11869642824200076,0.05502377815455751,0.0,0.0,0.05502377815455751,0.0,0.0,0.0,0.0,0.0,0.0,0.0,0.0,0.0,0.0,0.0,0.0,0.0,0.0,0.0,0.0,0.0,0.098958410189907,0.10886217589385097,0.0,0.0,0.0,0.0,0.0,0.0,0.0,0.0,0.1043227353504514,0.0,0.0,0.0,0.0,0.0,0.0,0.0,0.0,0.0,0.0,0.0,0.0,0.0,0.10886217589385097,0.0,0.0,0.0,0.09637010696810461,0.0,0.0,0.0,0.0,0.0,0.0,0.0,0.0,0.0,0.098958410189907,0.1129051510893061,0.0,0.0,0.0,0.0,0.0,0.0,0.0,0.0,0.0,0.0,0.0,0.0,0.09637010696810461,0.0,0.0,0.0
rabbit,0.0,0.0,0.0,0.10223906120522723,0.0,0.0,0.042824562959113965,0.0,0.0,0.0,0.0,0.0,0.0,0.0,0.0,0.0,0.0,0.0,0.0,0.0,0.0,0.0,0.0,0.22135201174201408,0.0,0.0,0.0,0.0,0.0,0.0,0.0,0.0,0.0,0.0,0.0,0.0,0.0,0.0,0.05304322264028501,0.0,0.10038165511374622,0.0,0.0,0.0,0.0,0.0,0.0,0.0,0.0,0.0,0.0,0.0,0.0,0.0,0.0,0.0,0.0,0.0,0.0,0.11183382153590284,0.0,0.0,0.08395003923704408,0.0,0.0,0.0,0.0,0.0,0.0,0.0,0.11183382153590284,0.0,0.0,0.0,0.0,0.05304322264028501,0.0,0.0,0.0,0.11842807901626665,0.0,0.0,0.0,0.0,0.10498499248866063,0.0,0.0,0.0,0.0,0.0,0.0,0.05304322264028501,0.0,0.0,0.0,0.0,0.0,0.899667377133856,0.0,0.0,0.0,0.0,0.0,0.0,0.0,0.0,0.0,0.0,0.0,0.0,0.0,0.0,0.0,0.0,0.0,0.0,0.0,0.0,0.0,0.0,0.0,0.0,0.10498499248866063,0.19963515339920118,0.0,0.05304322264028501,0.0,0.0,0.0,0.0,0.0,0.0,0.0,0.0,0.0,0.0,0.0,0.0,0.0,0.0
hare,0.0,0.0,0.0,0.0,0.0,0.0,0.03961253260263099,0.0,0.0,0.0,0.0,0.0,0.0,0.0,0.0,0.0,0.0,0.0,0.0,0.0,0.0,0.0,0.0,0.10237481921484981,0.0,0.0,0.0,0.0,0.0,0.0,0.0,0.0,0.0,0.0,0.0,0.0,0.0,0.0,0.04906474791565222,0.0,0.0,0.0,0.0,0.0,0.0,0.0,0.0,0.0,0.0,0.0,0.0,0.9070622232513249,0.0,0.0,0.0,0.0,0.0,0.0,0.0,0.15516869042763806,0.0,0.0963726168087221,0.038826708744751234,0.0,0.0,0.0,0.0,0.0,0.0,0.0,0.15516869042763806,0.0,0.0,0.0,0.0,0.04906474791565222,0.0,0.0,0.0,0.10954545281822727,0.0,0.0,0.2139947709212636,0.0,0.04855532841881549,0.0,0.0,0.0,0.0,0.0,0.0,0.04906474791565222,0.0,0.0,0.0,0.0,0.0,0.0,0.0,0.0,0.0,0.0,0.0,0.0,0.0,0.0,0.0,0.0,0.0,0.0,0.0,0.0,0.0,0.0,0.0,0.0,0.0,0.0,0.0,0.0,0.0,0.0,0.04855532841881549,0.18466163986792294,0.0,0.04906474791565222,0.0,0.0,0.0,0.0,0.0,0.0,0.0,0.0,0.0,0.0,0.0,0.0,0.0,0.0
moose,0.0,0.0,0.0,0.0,0.0,0.0,0.12029682169962937,0.0,0.0,0.0,0.0,0.0,0.0,0.0,0.0,0.054070636982606245,0.0,0.0,0.0,0.0,0.0,0.0,0.0,0.0,0.0,0.0,0.0,0.0,0.0,0.0,0.0,0.0,0.0,0.0,0.0,0.09073974810524303,0.0,0.09947363212386176,0.09933444197160396,0.0,0.0,0.0,0.09755598997975994,0.0,0.0,0.0,0.0,0.0,0.0,0.0,0.0,0.0,0.0,0.0,0.0,0.0,0.0,0.0,0.0,0.0,0.0,0.09755598997975994,0.07860693492982333,0.0,0.0,0.0,0.0,0.0,0.0,0.0,0.0,0.0,0.0,0.0,0.0,0.09933444197160396,0.0,0.91820017026368,0.0,0.0,0.0,0.0,0.0,0.0,0.09830309250793762,0.054070636982606245,0.0,0.0,0.0,0.0,0.0,0.09933444197160396,0.0,0.0,0.0,0.0,0.0,0.0,0.0,0.0,0.0,0.0,0.0,0.0,0.0,0.0,0.0,0.0,0.054070636982606245,0.0,0.0,0.0,0.0,0.0,0.0,0.0,0.0,0.0,0.0,0.0,0.0,0.0,0.09830309250793762,0.1495433012832393,0.0,0.09933444197160396,0.0,0.0,0.0,0.0,0.0,0.0,0.0,0.0,0.0,0.0,0.09573192942474791,0.0,0.0,0.0
elk,0.0,0.0,0.0,0.0,0.0,0.0,0.12075258187974894,0.0,0.0,0.0,0.0,0.0,0.0,0.0,0.0,0.05427549063461631,0.0,0.0,0.0,0.0,0.0,0.0,0.0,0.0,0.0,0.0,0.0,0.0,0.0,0.0,0.0,0.0,0.0,0.0,0.9216788912229925,0.0,0.0,0.0,0.0997107834453471,0.05486648657144064,0.0,0.0,0.0,0.0,0.0,0.0,0.0,0.0,0.0,0.0,0.0,0.0,0.0,0.0,0.0,0.0,0.0,0.0,0.0,0.05255637481084656,0.0,0.09792559355645239,0.03945237377147942,0.05486648657144064,0.0,0.0,0.05486648657144064,0.0,0.0,0.0,0.05255637481084656,0.0,0.0,0.0,0.0,0.0997107834453471,0.0,0.0,0.0,0.0,0.0,0.0,0.0,0.0,0.0,0.05427549063461631,0.0,0.0,0.0,0.0,0.0,0.0997107834453471,0.0,0.0,0.10402451722096812,0.0,0.0,0.0,0.0,0.0,0.0,0.0,0.0,0.0,0.0,0.10187950676666642,0.0,0.0,0.05427549063461631,0.0,0.0,0.0,0.0,0.0,0.0,0.0,0.0,0.09108352746163959,0.0,0.0,0.0,0.0,0.0,0.15010986556121086,0.0,0.0997107834453471,0.0,0.0,0.0,0.0,0.09792559355645239,0.0,0.0,0.0,0.0,0.0,0.0,0.0,0.0,0.0
reindeer,0.0,0.0,0.0,0.0,0.0,0.0,0.0799594969169272,0.0,0.0,0.0,0.0,0.0,0.0,0.0,0.0,0.0,0.0,0.0,0.0,0.0,0.0,0.0,0.0,0.10332385363359821,0.0,0.0,0.0,0.0,0.0,0.0,0.0,0.0,0.0,0.0,0.0,0.0,0.0,0.09917795169580919,0.0990391752793618,0.0,0.0,0.0,0.0,0.0,0.0,0.0,0.0,0.0,0.09544737102202103,0.0,0.0,0.0,0.0,0.0,0.0,0.0,0.0,0.0,0.0,0.05220237808874783,0.0,0.09726600964768169,0.07837327972218994,0.0,0.0,0.0,0.0,0.0,0.0,0.0,0.05220237808874783,0.0,0.0,0.0,0.0,0.0990391752793618,0.0,0.0,0.0,0.0,0.0,0.0,0.10798927196453002,0.0,0.09801089145072232,0.0,0.0,0.0,0.0,0.0,0.0,0.0990391752793618,0.0,0.0,0.0,0.0,0.0,0.0,0.0,0.0,0.9154708658883913,0.0,0.0,0.0,0.0,0.0,0.0,0.0,0.0,0.0,0.0,0.0,0.0,0.0,0.0,0.0,0.0,0.0,0.0,0.0,0.0,0.0,0.09801089145072232,0.1863734890648372,0.0,0.0990391752793618,0.0,0.0,0.0,0.0,0.0,0.0,0.0,0.0,0.0,0.0,0.0,0.0,0.0,0.0
buffalo,0.0,0.0,0.0,0.0,0.0,0.0,0.08034286058783699,0.0,0.0,0.0,0.0,0.0,0.9198600664873214,0.0,0.0,0.05416838434646433,0.0,0.0,0.0,0.0,0.0,0.0,0.0,0.10381923708833247,0.0,0.0,0.0,0.0,0.0,0.0,0.0,0.0,0.0,0.0,0.0,0.0,0.0,0.09965345773450926,0.04975700797912112,0.0,0.0,0.0,0.09773234893133202,0.0,0.0,0.0,0.0,0.0,0.0,0.0,0.0,0.0,0.0,0.0,0.0,0.0,0.0,0.0,0.0,0.0,0.0,0.0,0.11812355747573099,0.0,0.0,0.0,0.0,0.0,0.0,0.0,0.0,0.0,0.0,0.0,0.0,0.04975700797912112,0.0,0.0,0.0,0.0,0.0,0.0,0.0,0.0,0.1477212030754036,0.05416838434646433,0.0,0.0,0.0,0.0,0.0,0.04975700797912112,0.0,0.0,0.0,0.0,0.0,0.0,0.0,0.0,0.0,0.0,0.0,0.0,0.0,0.0,0.0,0.0,0.05416838434646433,0.0,0.0,0.0,0.09590499089138696,0.0,0.0,0.0,0.0,0.0,0.0,0.0,0.0,0.0,0.1477212030754036,0.14981364142159898,0.0,0.04975700797912112,0.0,0.0,0.0,0.0,0.0,0.0,0.0,0.0,0.0,0.0,0.09590499089138696,0.0,0.0,0.0
bison,0.08965436443880387,0.0,0.0,0.0,0.0,0.0,0.0,0.0,0.09131327873392878,0.0,0.0,0.8758192651568304,0.0,0.0,0.0,0.0,0.0,0.0,0.0,0.0,0.0,0.0,0.0,0.0,0.0,0.0,0.0,0.0,0.0,0.0,0.0,0.0,0.0,0.0,0.0,0.0,0.0,0.0,0.0,0.20854606266168763,0.0,0.0,0.0,0.0,0.0,0.0,0.0,0.0,0.0,0.0,0.0,0.0,0.0,0.0,0.0,0.0,0.0,0.0,0.0,0.0499413472571393,0.0,0.0,0.14995742805558027,0.20854606266168763,0.0,0.0,0.20854606266168763,0.0,0.0,0.0,0.0499413472571393,0.0,0.0,0.0,0.0,0.0,0.0,0.0,0.0,0.0,0.0,0.0,0.0,0.0,0.0,0.0,0.0,0.0,0.0,0.0,0.0,0.0,0.0,0.0,0.0,0.0,0.0,0.0,0.0,0.0,0.0,0.0,0.0,0.10331195490859706,0.0,0.0,0.0,0.0,0.0,0.0,0.0,0.0,0.0,0.0,0.0,0.0,0.0,0.08655151902577839,0.0,0.0,0.0,0.0930531470400231,0.0,0.17830113258610267,0.0,0.0,0.0,0.0,0.0,0.0,0.0,0.0,0.0,0.0,0.0,0.0,0.0,0.0,0.0,0.0
yak,0.0,0.0,0.0,0.0,0.0,0.0,0.08052025815980371,0.0,0.09611674975084432,0.0,0.0,0.0,0.0,0.0,0.0,0.0542879885003383,0.0,0.0,0.0,0.0,0.0,0.0,0.0,0.0,0.0,0.0,0.0,0.0,0.0,0.0,0.0,0.0,0.0,0.0,0.0,0.0,0.0,0.0,0.04986687178455751,0.10975824104829456,0.0,0.0,0.0,0.0,0.0,0.0,0.0,0.0,0.0,0.0,0.0,0.0,0.0,0.0,0.0,0.0,0.0,0.0,0.0,0.0,0.0,0.09794814260952782,0.11838437507837728,0.10975824104829456,0.0,0.0,0.10975824104829456,0.0,0.0,0.0,0.0,0.0,0.0,0.0,0.08957220222697516,0.04986687178455751,0.0,0.0,0.0,0.0,0.0,0.0,0.0,0.0,0.04934912415897138,0.0542879885003383,0.0,0.0,0.0,0.0,0.0,0.04986687178455751,0.0,0.0,0.10404847065617104,0.0,0.0,0.0,0.0,0.0,0.0,0.0,0.0,0.0,0.0,0.0,0.0,0.0,0.0542879885003383,0.0,0.0,0.0,0.0,0.0,0.0,0.0,0.0,0.0,0.0,0.0,0.0,0.09794814260952782,0.04934912415897138,0.1501444309409319,0.0,0.04986687178455751,0.0,0.0,0.0,0.0,0.0,0.0,0.0,0.0,0.0,0.0,0.0,0.0,0.9218911236484688,0.0
camel,0.0,0.0,0.0,0.0,0.0,0.0,0.080498992493889,0.0,0.0,0.0,0.0,0.0,0.0,0.0,0.9216476491602682,0.10854730172682593,0.0,0.0,0.0,0.0,0.0,0.0,0.0,0.0,0.0,0.0,0.0,0.0,0.0,0.0,0.0,0.0,0.0,0.0,0.0,0.09108044001187242,0.0,0.0,0.0,0.0,0.0,0.0,0.0,0.0,0.0,0.0,0.0,0.0,0.0,0.0,0.0,0.0,0.0,0.0,0.0,0.0,0.0,0.0,0.0,0.05255459331235068,0.0,0.0,0.0789020729161496,0.0,0.0,0.0,0.0,0.0,0.0,0.0,0.05255459331235068,0.0,0.0,0.0,0.0,0.0,0.0,0.0,0.0,0.0,0.0,0.0,0.0,0.0,0.09867218178483589,0.10854730172682593,0.0,0.0,0.0,0.0,0.0,0.0,0.0,0.0,0.0,0.0,0.0,0.0,0.0,0.0,0.0,0.0,0.0,0.0,0.0,0.10187605336660373,0.0,0.0,0.10854730172682593,0.0,0.0,0.0,0.09609136500002853,0.0,0.0,0.0,0.0,0.0,0.0,0.0,0.0,0.0,0.09867218178483589,0.11257858297590786,0.0,0.0,0.0,0.0,0.0,0.0,0.0,0.0,0.0,0.0,0.0,0.0,0.19218273000005706,0.0,0.0,0.0
llama,0.0,0.0,0.0,0.0,0.0,0.0,0.04007602160338789,0.0,0.0,0.0,0.0,0.0,0.0,0.0,0.0,0.0,0.0,0.0,0.0,0.0,0.0,0.0,0.0,0.0,0.0,0.0,0.0,0.0,0.0,0.0,0.0,0.0,0.0,0.0,0.0,0.0,0.0,0.0,0.04963883317326345,0.10925632232006822,0.0,0.0,0.0,0.0,0.0,0.0,0.0,0.0,0.0,0.0,0.0,0.0,0.0,0.0,0.0,0.0,0.0,0.0,0.0,0.05232808390994257,0.11359620062065422,0.09750023084726595,0.11784300948784214,0.10925632232006822,0.0,0.0,0.10925632232006822,0.0,0.0,0.0,0.05232808390994257,0.0,0.9176753634838978,0.0,0.0,0.04963883317326345,0.0,0.0,0.0,0.0,0.0,0.0,0.0,0.0,0.049123453180643144,0.0,0.0,0.0,0.0,0.0,0.0,0.04963883317326345,0.0,0.0,0.0,0.0,0.0,0.0,0.0,0.0,0.0,0.0,0.0,0.10824931529223905,0.0,0.0,0.0,0.0,0.0,0.0,0.0,0.0,0.0,0.0,0.0,0.0,0.0,0.09068788486611111,0.0,0.0,0.0,0.0,0.049123453180643144,0.1868222853333136,0.0,0.04963883317326345,0.0,0.0,0.0,0.0,0.0,0.0,0.0,0.0,0.0,0.0,0.09567721285288176,0.0,0.0,0.0
alpaca,0.09532035138484068,0.0,0.9311693928893556,0.0,0.0,0.0,0.08133064521678685,0.0,0.0,0.0,0.0,0.0,0.0,0.0,0.0,0.10966872767574302,0.0,0.0,0.0,0.0,0.0,0.0,0.0,0.0,0.0,0.0,0.0,0.0,0.0,0.0,0.0,0.0,0.10984107584482557,0.0,0.0,0.09202141198670004,0.0,0.0,0.0,0.05543144524326484,0.0,0.0,0.0,0.0,0.0,0.0,0.0,0.0,0.09708410593843608,0.0,0.0,0.0,0.0,0.0,0.0,0.0,0.0,0.0,0.0,0.053097546326729375,0.0,0.0,0.0797172275131215,0.05543144524326484,0.0,0.0,0.05543144524326484,0.0,0.0,0.0,0.053097546326729375,0.0,0.0,0.0,0.0,0.0,0.0,0.0,0.0,0.0,0.0,0.0,0.10984107584482557,0.0,0.049845792853357766,0.10966872767574302,0.0,0.0,0.0,0.0,0.0,0.0,0.0,0.0,0.0,0.0,0.0,0.0,0.0,0.0,0.0,0.0,0.0,0.0,0.0,0.0,0.0,0.0,0.10966872767574302,0.0,0.0,0.0,0.0,0.0,0.0,0.0,0.0,0.0,0.0,0.0,0.0,0.0,0.049845792853357766,0.1137416569743682,0.0,0.0,0.0,0.0,0.0,0.0,0.0,0.0,0.0,0.0,0.0,0.0,0.0,0.0,0.0,0.0
hippopotamus,0.0,0.0,0.0,0.0,0.0,0.0,0.08050979858654593,0.0,0.0,0.0,0.0,0.0,0.0,0.0,0.0,0.10856187299242544,0.0,0.0,0.0,0.0,0.0,0.0,0.0,0.0,0.0,0.0,0.0,0.0,0.0,0.0,0.0,0.0,0.0,0.0,0.0,0.0,0.0,0.0,0.0,0.0,0.0,0.0,0.0,0.0,0.0,0.0,0.0,0.0,0.0,0.0,0.0,0.0,0.0,0.0,0.921771370086274,0.0,0.0,0.10631027150462954,0.0,0.05256164818083147,0.0,0.0,0.07891266464014939,0.0,0.0,0.0,0.0,0.0,0.0,0.0,0.05256164818083147,0.0,0.0,0.0,0.17912113361422716,0.0,0.0,0.0,0.0,0.0,0.0,0.0,0.0,0.0,0.09868542742563208,0.10856187299242544,0.0,0.0,0.0,0.0,0.0,0.0,0.0,0.0,0.10403495477052861,0.0,0.0,0.0,0.0,0.0,0.0,0.0,0.0,0.0,0.0,0.10188972909145565,0.0,0.0,0.10856187299242544,0.0,0.0,0.0,0.0,0.0,0.0,0.0,0.0,0.0,0.0,0.0,0.0,0.0,0.09868542742563208,0.11259369539609022,0.0,0.0,0.0,0.0,0.0,0.0,0.0,0.0,0.0,0.0,0.0,0.0,0.0,0.0,0.0,0.0
rhinoceros,0.0,0.0,0.0,0.0,0.0,0.0,0.03942092746829489,0.0,0.09411324571007863,0.0,0.0,0.0,0.0,0.0,0.0,0.053156383399173154,0.0,0.0,0.0,0.0,0.0,0.0,0.0,0.0,0.0,0.0,0.0,0.0,0.0,0.0,0.0,0.0,0.0,0.0,0.0,0.0,0.0,0.0,0.0,0.16120558074312297,0.0,0.0,0.0,0.0,0.0,0.0,0.0,0.0,0.09411324571007863,0.0,0.0,0.0,0.0,0.0,0.0,0.0,0.0,0.0,0.0,0.0,0.11173932456813837,0.0,0.15455561850723887,0.16120558074312297,0.0,0.0,0.16120558074312297,0.0,0.0,0.0,0.0,0.0,0.0,0.0,0.0,0.0,0.0,0.0,0.0,0.0,0.0,0.0,0.0,0.0,0.048320467135954656,0.053156383399173154,0.0,0.0,0.0,0.0,0.0,0.0,0.0,0.0,0.0,0.0,0.0,0.0,0.0,0.0,0.0,0.0,0.9026747789825954,0.0,0.0,0.0,0.0,0.0,0.053156383399173154,0.0,0.0,0.0,0.09411324571007863,0.0,0.0,0.0,0.0,0.08920547470854306,0.0,0.0,0.0,0.0,0.048320467135954656,0.1470147477705334,0.0,0.0,0.0,0.0,0.0,0.0,0.0,0.0,0.0,0.0,0.0,0.0,0.0,0.0,0.0,0.0
crocodile,0.0,0.0,0.0,0.0,0.0,0.0,0.040430427222075856,0.0,0.09652331834087259,0.0,0.0,0.0,0.0,0.0,0.0,0.0,0.0,0.0,0.0,0.0,0.0,0.0,0.0,0.0,0.0,0.0,0.9257906726373073,0.0,0.0,0.0,0.0,0.0,0.0,0.0,0.0,0.0,0.0,0.10029595264307128,0.05007780592250042,0.05511125619988884,0.0,0.0,0.0,0.0,0.0,0.0,0.0,0.0,0.09652331834087259,0.0,0.0,0.0,0.0,0.0,0.0,0.0,0.0,0.0,0.0,0.052790838599926344,0.0,0.0,0.11888513450461426,0.05511125619988884,0.0,0.0,0.05511125619988884,0.0,0.0,0.0,0.052790838599926344,0.0,0.0,0.0,0.08995108773922511,0.05007780592250042,0.0,0.0,0.0,0.0,0.0,0.0,0.0,0.0,0.09911573650559898,0.0,0.0,0.0,0.0,0.0,0.0,0.05007780592250042,0.0,0.0,0.0,0.0,0.0,0.0,0.0,0.0,0.0,0.0,0.0,0.0,0.0,0.10233401024549393,0.0,0.0,0.0,0.0,0.0,0.0,0.0,0.0,0.0,0.0,0.0,0.0,0.0,0.0,0.0,0.0,0.09911573650559898,0.18847441708115792,0.0,0.05007780592250042,0.0,0.0,0.0,0.0,0.0,0.0,0.0,0.0,0.0,0.0,0.0,0.0,0.0,0.0
alligator,0.0,0.8969041272603981,0.0,0.0,0.0,0.0,0.03916891594844061,0.0,0.0935115951753749,0.0,0.0,0.0,0.0,0.0,0.0,0.052816563363707054,0.0,0.0,0.0,0.0,0.0,0.0,0.0,0.10122833420645576,0.0,0.0,0.0,0.0,0.0,0.0,0.0,0.0,0.0,0.0,0.0,0.0,0.0,0.0,0.0,0.16017501992121586,0.0,0.0,0.0,0.0,0.0,0.0,0.0,0.0,0.0,0.0,0.0,0.0,0.0,0.0,0.0,0.0,0.0,0.0,0.0,0.0,0.0,0.0,0.1535675698025666,0.16017501992121586,0.0,0.0,0.16017501992121586,0.0,0.0,0.0,0.0,0.0,0.0,0.0,0.0,0.0,0.0,0.0,0.0,0.0,0.0,0.0,0.0,0.0,0.04801156231952702,0.052816563363707054,0.0,0.0,0.0,0.0,0.0,0.0,0.0,0.0,0.0,0.0,0.0,0.0,0.0,0.0,0.0,0.0,0.0,0.0,0.0,0.0,0.0,0.0,0.052816563363707054,0.0,0.0,0.0,0.0935115951753749,0.0,0.0,0.0,0.0,0.17727039749685525,0.0,0.0,0.0,0.0,0.04801156231952702,0.1460749066149329,0.0,0.0,0.0,0.0,0.0,0.0,0.0,0.0,0.0,0.0,0.0,0.0,0.0,0.0,0.0,0.0
lizard,0.0,0.0,0.0,0.0,0.0,0.0,0.08067367218401586,0.0,0.0,0.0,0.0,0.0,0.0,0.0,0.0,0.10878284515963584,0.0,0.0,0.0,0.0,0.0,0.0,0.0,0.0,0.0,0.0,0.0,0.0,0.0,0.0,0.0,0.0,0.0,0.0,0.0,0.0912780810325237,0.0,0.0,0.0,0.0,0.18910074448785108,0.0,0.0,0.0,0.0,0.0,0.0,0.0,0.0,0.0,0.0,0.0,0.0,0.0,0.0,0.0,0.0,0.10652666065160699,0.0,0.10533726948114808,0.0,0.0,0.039536643676378845,0.0,0.0,0.0,0.0,0.0,0.0,0.0,0.10533726948114808,0.923647588796453,0.0,0.0,0.08974286278265686,0.0,0.0,0.0,0.0,0.0,0.0,0.0,0.0,0.0,0.0494431482952769,0.10878284515963584,0.0,0.0,0.0,0.0,0.0,0.0,0.0,0.0,0.0,0.0,0.0,0.0,0.0,0.0,0.0,0.0,0.0,0.0,0.0,0.0,0.0,0.0,0.10878284515963584,0.0,0.0,0.0,0.0,0.0,0.0,0.0,0.0,0.0,0.0,0.0,0.0,0.0,0.0494431482952769,0.11282287413260335,0.0,0.0,0.0,0.0,0.0,0.0,0.0,0.0,0.0,0.0,0.0,0.0,0.0,0.0,0.0,0.0
gecko,0.0,0.0,0.0,0.0,0.0,0.0,0.040828269351872136,0.0,0.0974731238507874,0.0,0.0,0.0,0.0,0.0,0.0,0.055054086206833205,0.0,0.0,0.0,0.0,0.0,0.0,0.0,0.0,0.0,0.0,0.0,0.0,0.0,0.0,0.0,0.0,0.0,0.0,0.0,0.0,0.0,0.0,0.0,0.05565356012910234,0.09570230189818052,0.0,0.0,0.0,0.9349006068688814,0.0,0.0,0.0,0.0,0.0,0.0,0.0,0.0,0.0,0.0,0.0,0.0,0.0,0.0,0.10662061846787167,0.0,0.0,0.08003665600376708,0.05565356012910234,0.0,0.0,0.05565356012910234,0.0,0.0,0.0,0.10662061846787167,0.0,0.0,0.0,0.09083622140667559,0.0,0.0,0.0,0.0,0.0,0.0,0.0,0.0,0.0,0.050045525920762286,0.055054086206833205,0.0,0.0,0.0,0.0,0.0,0.0,0.0,0.0,0.0,0.0,0.0,0.0,0.0,0.0,0.0,0.0,0.0,0.11028121118523518,0.0,0.0,0.0,0.0,0.055054086206833205,0.0,0.0,0.0,0.0974731238507874,0.0,0.0,0.0,0.0,0.0,0.0,0.0,0.0,0.0,0.050045525920762286,0.1522632293595934,0.0,0.0,0.0,0.0,0.0,0.0,0.0,0.0,0.0,0.0,0.0,0.0,0.0,0.0,0.0,0.0
iguana,0.0,0.0,0.0,0.0,0.0,0.0,0.15561718635779329,0.0,0.0,0.0,0.0,0.0,0.0,0.0,0.0,0.05245974253262056,0.0,0.0,0.0,0.0,0.0,0.0,0.0,0.0,0.0,0.0,0.0,0.0,0.0,0.0,0.0,0.0,0.0,0.0,0.0,0.08803639255456112,0.0,0.0,0.1445625446985636,0.0,0.0,0.0,0.0,0.0,0.0,0.0,0.0,0.0,0.0,0.0,0.0,0.0,0.0,0.0,0.0,0.0,0.0,0.0,0.8908447766379403,0.05079813851127992,0.0,0.09464956217363278,0.0,0.0,0.0,0.0,0.0,0.0,0.0,0.0,0.05079813851127992,0.0,0.0,0.0,0.0,0.1445625446985636,0.0,0.0,0.0,0.10758687987000032,0.0,0.0,0.0,0.0,0.0,0.05245974253262056,0.0,0.0,0.0,0.0,0.0,0.1445625446985636,0.0,0.0,0.0,0.0,0.0,0.0,0.0,0.0,0.0,0.0,0.0,0.0,0.0,0.0,0.0,0.0,0.05245974253262056,0.0,0.0,0.0,0.0,0.0,0.0,0.0,0.0,0.0,0.0,0.0,0.0,0.0,0.0,0.145088046314684,0.0,0.1445625446985636,0.0,0.0,0.0,0.0,0.18929912434726556,0.0,0.0,0.0,0.0,0.0,0.0,0.0,0.0,0.0
chameleon,0.0,0.0,0.0,0.09383347541499829,0.0,0.0,0.07860748188045015,0.0,0.0,0.0,0.0,0.0,0.0,0.0,0.0,0.0,0.0,0.8999913991100585,0.0,0.0,0.0,0.0,0.0,0.0,0.0,0.0,0.0,0.0,0.0,0.0,0.0,0.0,0.0,0.0,0.0,0.0,0.0,0.09750097663781152,0.09736454675690999,0.10715091011395893,0.0,0.0,0.0,0.0,0.0,0.0,0.0,0.0,0.0,0.0,0.0,0.0,0.0,0.0,0.0,0.0,0.0,0.0,0.0,0.05131970119810689,0.0,0.0,0.07704808563358141,0.10715091011395893,0.0,0.0,0.10715091011395893,0.0,0.0,0.0,0.05131970119810689,0.0,0.0,0.0,0.0,0.09736454675690999,0.0,0.0,0.0,0.10869151290925759,0.0,0.0,0.0,0.0,0.0,0.0,0.0,0.0,0.0,0.0,0.0,0.09736454675690999,0.0,0.0,0.0,0.0,0.0,0.0,0.0,0.0,0.0,0.0,0.0,0.0,0.0,0.0,0.0,0.0,0.0,0.0,0.0,0.0,0.0,0.0,0.0,0.0,0.0,0.0,0.0,0.0,0.0,0.1912427262744627,0.0,0.18322214658105263,0.0,0.09736454675690999,0.0,0.0,0.0,0.0,0.0,0.0,0.0,0.0,0.0,0.0,0.0,0.0,0.0,0.0
frog,0.0,0.0,0.0,0.09111963635642104,0.0,0.0,0.11450101041492002,0.0,0.0,0.0,0.0,0.0,0.0,0.0,0.0,0.0,0.0,0.0,0.0,0.0,0.0,0.0,0.0,0.19727797359374957,0.0,0.0,0.0,0.0,0.0,0.0,0.0,0.0,0.0,0.0,0.0,0.0,0.0,0.0,0.1418228737973291,0.0,0.0,0.0,0.0,0.873961969842025,0.0,0.0,0.0,0.0,0.0,0.0,0.0,0.0,0.0,0.0,0.0,0.0,0.0,0.0,0.0,0.0,0.0,0.0,0.07481971134331616,0.0,0.0,0.0,0.0,0.0,0.0,0.0,0.0,0.0,0.0,0.0,0.0,0.1418228737973291,0.0,0.0,0.0,0.0,0.0,0.0,0.0,0.0,0.09356692271700218,0.0,0.0,0.0,0.0,0.0,0.0,0.1418228737973291,0.0,0.0,0.0,0.0,0.0,0.0,0.0,0.0,0.0,0.20159257992560659,0.0,0.0,0.0,0.0,0.0,0.0,0.0,0.0,0.0,0.0,0.0,0.0,0.0,0.0,0.0,0.0,0.0,0.0,0.0,0.0,0.09356692271700218,0.17792302048997588,0.0,0.1418228737973291,0.0,0.0,0.0,0.0,0.0,0.0,0.0,0.0,0.0,0.0,0.0,0.0,0.0,0.0
toad,0.0,0.0,0.0,0.0,0.0,0.0,0.08147628690124037,0.0,0.09725795790634864,0.0,0.0,0.0,0.0,0.0,0.0,0.0549325576871149,0.0,0.0,0.0,0.0,0.0,0.0,0.0,0.10528385328810957,0.0,0.0,0.0,0.0,0.0,0.0,0.0,0.0,0.11003777217332,0.0,0.0,0.0,0.0,0.0,0.05045894840926179,0.05553070830745673,0.0,0.0,0.0,0.0,0.0,0.0,0.0,0.0,0.0,0.0,0.0,0.0,0.0,0.0,0.0,0.0,0.0,0.0,0.0,0.05319262999496735,0.0,0.0,0.07985997999300198,0.05553070830745673,0.0,0.0,0.05553070830745673,0.0,0.0,0.0,0.05319262999496735,0.0,0.0,0.0,0.0,0.05045894840926179,0.0,0.0,0.0,0.0,0.0,0.0,0.11003777217332,0.0,0.04993505349078088,0.0549325576871149,0.0,0.0,0.0,0.0,0.0,0.05045894840926179,0.0,0.0,0.0,0.0,0.0,0.0,0.0,0.0,0.0,0.0,0.0,0.0,0.0,0.0,0.0,0.0,0.0549325576871149,0.0,0.0,0.0,0.0,0.0,0.0,0.0,0.0,0.0,0.0,0.0,0.0,0.0,0.04993505349078088,0.15192711761664154,0.0,0.05045894840926179,0.9328368711016638,0.0,0.0,0.0,0.09911109515892479,0.0,0.0,0.0,0.0,0.0,0.0,0.0,0.0,0.0
newt,0.0,0.0,0.0,0.09635071531282556,0.0,0.0,0.12107438855841537,0.0,0.0,0.0,0.0,0.0,0.0,0.0,0.0,0.05442013528818993,0.0,0.0,0.0,0.0,0.0,0.0,0.0,0.0,0.0,0.0,0.0,0.0,0.0,0.0,0.0,0.0,0.0,0.0,0.0,0.09132626585279749,0.0,0.0,0.09997651354857363,0.0,0.0,0.0,0.0,0.0,0.0,0.0,0.0,0.0,0.0,0.0,0.0,0.0,0.0,0.0,0.0,0.0,0.0,0.0,0.0,0.05269643800583041,0.0,0.0,0.03955751468996968,0.0,0.0,0.0,0.0,0.0,0.0,0.0,0.05269643800583041,0.0,0.0,0.0,0.08979023717599556,0.09997651354857363,0.0,0.0,0.0,0.11160734451029683,0.0,0.924135173466935,0.0,0.0,0.04946924885728947,0.05442013528818993,0.0,0.0,0.0,0.0,0.0,0.09997651354857363,0.0,0.0,0.0,0.0,0.0,0.0,0.0,0.0,0.0,0.0,0.0,0.0,0.0,0.0,0.0,0.0,0.05442013528818993,0.0,0.0,0.0,0.0,0.0,0.0,0.0,0.0,0.0,0.0,0.0,0.0,0.0,0.04946924885728947,0.15050990965566696,0.0,0.09997651354857363,0.0,0.0,0.0,0.0,0.09818656611313216,0.0,0.0,0.0,0.0,0.0,0.0,0.0,0.0,0.0
salamander,0.0,0.0,0.0,0.0,0.0,0.0,0.11916502665174673,0.0,0.0,0.0,0.0,0.0,0.0,0.0,0.0,0.05356192130493376,0.0,0.0,0.0,0.0,0.0,0.0,0.0,0.10265688877291547,0.0,0.0,0.0,0.0,0.0,0.0,0.0,0.0,0.10729219140473532,0.0,0.0,0.0,0.0,0.0,0.09839986840665671,0.0,0.0,0.0,0.0,0.0,0.0,0.0,0.0,0.0,0.0,0.0,0.0,0.0,0.0,0.0,0.0,0.0,0.0,0.0,0.0,0.05186540699635385,0.0,0.0,0.03893368654125207,0.0,0.0,0.0,0.0,0.0,0.0,0.0,0.05186540699635385,0.0,0.0,0.0,0.0,0.09839986840665671,0.0,0.0,0.0,0.0,0.0,0.0,0.0,0.0,0.048689111121767915,0.05356192130493376,0.0,0.0,0.0,0.0,0.0,0.09839986840665671,0.0,0.0,0.0,0.0,0.0,0.0,0.0,0.0,0.0,0.20980413249260738,0.0,0.10729219140473532,0.9095614182917928,0.0,0.0,0.0,0.05356192130493376,0.0,0.0,0.0,0.0,0.0,0.0,0.0,0.0,0.0,0.0,0.0,0.0,0.0,0.048689111121767915,0.14813634501086997,0.0,0.09839986840665671,0.0,0.0,0.0,0.0,0.0,0.0,0.0,0.0,0.0,0.0,0.0,0.0,0.0,0.0
snake,0.0,0.0,0.0,0.0,0.0,0.0,0.12000812424814375,0.0,0.0,0.0,0.0,0.0,0.0,0.0,0.0,0.05394087416030942,0.0,0.0,0.0,0.0,0.0,0.0,0.0,0.0,0.0,0.0,0.0,0.0,0.0,0.0,0.0,0.0,0.1080512881903204,0.0,0.0,0.0,0.0,0.0,0.0990960516314705,0.0,0.0,0.0,0.09732186770382287,0.0,0.0,0.0,0.0,0.0,0.0,0.0,0.0,0.0,0.0,0.0,0.0,0.0,0.0,0.0,0.0,0.0,0.0,0.0,0.07841828803572667,0.0,0.0,0.0,0.0,0.0,0.0,0.0,0.0,0.0,0.0,0.0,0.0,0.0990960516314705,0.0,0.0,0.0,0.0,0.0,0.0,0.0,0.0,0.09806717727859716,0.05394087416030942,0.0,0.0,0.0,0.0,0.0,0.0990960516314705,0.0,0.0,0.0,0.0,0.0,0.0,0.0,0.0,0.0,0.10564425279544791,0.0,0.0,0.0,0.0,0.0,0.0,0.05394087416030942,0.0,0.0,0.0,0.0,0.0,0.0,0.9159966037407782,0.0,0.0,0.0,0.0,0.0,0.0,0.09806717727859716,0.14918441590823733,0.0,0.0990960516314705,0.0,0.0,0.0,0.0,0.09732186770382287,0.0,0.0,0.0,0.0,0.0,0.09550218466790193,0.0,0.0,0.0
python,0.0,0.0,0.0,0.09628632494267714,0.0,0.0,0.12099347556602649,0.0,0.0,0.0,0.0,0.0,0.0,0.0,0.0,0.10876753354182113,0.0,0.0,0.0,0.0,0.0,0.0,0.0,0.0,0.0,0.0,0.0,0.0,0.0,0.0,0.0,0.0,0.0,0.0,0.0,0.18253046655966548,0.0,0.0,0.04995485004402726,0.0,0.0,0.0,0.0,0.0,0.0,0.0,0.0,0.0,0.09628632494267714,0.0,0.0,0.0,0.0,0.0,0.0,0.0,0.0,0.0,0.0,0.05266122142090229,0.0,0.0,0.03953107873664262,0.0,0.0,0.0,0.0,0.0,0.0,0.0,0.05266122142090229,0.0,0.0,0.0,0.0,0.04995485004402726,0.0,0.0,0.0,0.0,0.0,0.0,0.0,0.0,0.04943618897564206,0.10876753354182113,0.0,0.0,0.0,0.0,0.0,0.04995485004402726,0.0,0.0,0.0,0.0,0.9235175817272835,0.0,0.0,0.0,0.0,0.0,0.0,0.0,0.0,0.1020827498738457,0.0,0.0,0.10876753354182113,0.0,0.0,0.0,0.0,0.0,0.0,0.0,0.0,0.0,0.0,0.0,0.0,0.0,0.04943618897564206,0.11280699386465357,0.0,0.04995485004402726,0.0,0.0,0.0,0.0,0.0,0.0,0.0,0.0,0.0,0.0,0.0,0.0,0.0,0.0
cobra,0.0,0.0,0.0,0.0,0.0,0.0,0.039971156407991,0.0,0.0,0.0,0.0,0.0,0.0,0.0,0.0,0.0,0.0,0.0,0.0,0.0,0.0,0.0,0.9152741219820589,0.0,0.0,0.0,0.0,0.0,0.0,0.0,0.0,0.0,0.0,0.0,0.0,0.0,0.0,0.0,0.04950894538171811,0.1089704360187326,0.09369321155420324,0.0,0.0,0.0,0.0,0.0,0.0,0.0,0.0,0.0,0.0,0.0,0.0,0.0,0.0,0.0,0.0,0.0,0.0,0.10438231854421269,0.11329895834714916,0.0,0.07835643651529042,0.1089704360187326,0.0,0.0,0.1089704360187326,0.0,0.0,0.0,0.10438231854421269,0.0,0.0,0.0,0.0,0.04950894538171811,0.0,0.0,0.0,0.0,0.0,0.0,0.0,0.0,0.0,0.0,0.0,0.0,0.0,0.0,0.0,0.04950894538171811,0.0,0.0,0.0,0.0,0.0,0.0,0.0,0.0,0.0,0.10556092710925372,0.0,0.10796606398271436,0.0,0.0,0.0,0.0,0.0,0.0,0.0,0.0,0.0,0.0,0.0,0.0,0.0,0.09045058579334558,0.0,0.0,0.0,0.0,0.0,0.18633343552556936,0.0,0.04950894538171811,0.0,0.0,0.0,0.0,0.0,0.0,0.0,0.0,0.0,0.0,0.0,0.0,0.0,0.0
viper,0.0,0.0,0.0,0.09588843982894127,0.0,0.0,0.08032899520199736,0.0,0.09588843982894127,0.0,0.0,0.0,0.0,0.0,0.0,0.054159036091451035,0.0,0.0,0.0,0.0,0.0,0.0,0.0,0.0,0.0,0.0,0.0,0.0,0.0,0.0,0.0,0.0,0.0,0.0,0.0,0.0,0.0,0.0,0.0497484210292813,0.1094975279519101,0.0,0.0,0.0,0.0,0.0,0.0,0.0,0.0,0.09588843982894127,0.0,0.0,0.0,0.0,0.0,0.0,0.0,0.0,0.10607152718731949,0.0,0.0,0.1138469874196577,0.0,0.11810317198423657,0.1094975279519101,0.0,0.0,0.1094975279519101,0.0,0.0,0.0,0.0,0.0,0.0,0.0,0.0,0.0497484210292813,0.0,0.0,0.0,0.0,0.0,0.0,0.0,0.0,0.04923190323013301,0.054159036091451035,0.0,0.0,0.0,0.0,0.0,0.0497484210292813,0.0,0.0,0.0,0.0,0.0,0.0,0.0,0.0,0.0,0.0,0.0,0.0,0.0,0.0,0.0,0.0,0.054159036091451035,0.0,0.0,0.0,0.0,0.0,0.0,0.0,0.0,0.0,0.0,0.0,0.0,0.0,0.04923190323013301,0.14978778692840378,0.0,0.0497484210292813,0.0,0.0,0.0,0.0,0.0,0.9197013191556109,0.0,0.0,0.0,0.0,0.0,0.0,0.0,0.0
tortoise,0.08879401955204876,0.0,0.0,0.09043701450581969,0.0,0.0,0.03788107574427498,0.0,0.18087402901163938,0.0,0.0,0.0,0.0,0.0,0.0,0.0,0.0,0.0,0.0,0.0,0.0,0.0,0.0,0.0,0.0,0.0,0.0,0.0,0.0,0.0,0.0,0.0,0.0,0.0,0.0,0.0,0.0,0.0,0.04692013638237141,0.20654480438734715,0.0,0.0,0.0,0.0,0.0,0.0,0.0,0.0,0.0,0.0,0.0,0.0,0.0,0.0,0.0,0.0,0.0,0.0,0.0,0.0,0.0,0.0,0.1485184004380611,0.20654480438734715,0.0,0.0,0.20654480438734715,0.0,0.0,0.0,0.0,0.0,0.0,0.0,0.0,0.04692013638237141,0.0,0.0,0.0,0.0,0.0,0.0,0.0,0.0,0.0,0.0,0.0,0.0,0.0,0.0,0.0,0.04692013638237141,0.0,0.0,0.0,0.0,0.0,0.0,0.0,0.0,0.0,0.0,0.0,0.0,0.0,0.0,0.0,0.0,0.0,0.0,0.0,0.0,0.0,0.0,0.0,0.0,0.0,0.08572094979135429,0.0,0.0,0.0,0.0,0.0,0.17659011194942406,0.0,0.04692013638237141,0.0,0.8674146924267029,0.0,0.0,0.0,0.0,0.0,0.0,0.0,0.0,0.0,0.0,0.0,0.0
turtle,0.0,0.0,0.0,0.0,0.0,0.0,0.0810229496826894,0.0,0.09671681085858672,0.0,0.0,0.0,0.0,0.0,0.0,0.054626910806815206,0.0,0.0,0.0,0.0,0.0,0.0,0.0,0.0,0.0,0.0,0.0,0.0,0.0,0.0,0.0,0.0,0.0,0.0,0.0,0.0,0.0,0.0,0.05017819286439278,0.055221733293919585,0.0,0.0,0.0,0.0,0.0,0.0,0.0,0.0,0.0,0.0,0.0,0.0,0.0,0.0,0.0,0.0,0.0,0.10698786893142309,0.0,0.0,0.0,0.09855963718365711,0.11912345395311107,0.055221733293919585,0.0,0.0,0.055221733293919585,0.0,0.0,0.0,0.0,0.0,0.0,0.0,0.09013140543589113,0.05017819286439278,0.0,0.0,0.0,0.0,0.0,0.0,0.0,0.0,0.09931442583509166,0.054626910806815206,0.0,0.0,0.0,0.0,0.0,0.05017819286439278,0.0,0.0,0.0,0.0,0.0,0.0,0.0,0.0,0.0,0.0,0.0,0.0,0.0,0.0,0.0,0.0,0.054626910806815206,0.0,0.0,0.0,0.0,0.0,0.0,0.0,0.0,0.0,0.0,0.0,0.0,0.0,0.09931442583509166,0.15108178924513294,0.0,0.05017819286439278,0.0,0.0,0.0,0.9276465305916747,0.0,0.0,0.0,0.0,0.0,0.0,0.09671681085858672,0.0,0.0,0.0
snail,0.0,0.0,0.0,0.0,0.0,0.0,0.04042950715778705,0.0,0.09652112178584353,0.0,0.0,0.0,0.0,0.0,0.0,0.05451638307717118,0.0,0.0,0.0,0.0,0.0,0.0,0.0,0.0,0.0,0.0,0.0,0.0,0.0,0.0,0.0,0.0,0.0,0.0,0.0,0.09148778605332063,0.0,0.0,0.0,0.11022000409589744,0.0,0.0,0.0,0.0,0.0,0.0,0.0,0.0,0.0,0.0,0.0,0.0,0.0,0.0,0.0,0.0,0.0,0.0,0.0,0.05278963725310147,0.0,0.0,0.11888242906778752,0.11022000409589744,0.0,0.0,0.11022000409589744,0.0,0.0,0.0,0.05278963725310147,0.0,0.0,0.0,0.0,0.0,0.0,0.0,0.0,0.0,0.0,0.0,0.0,0.0,0.04955674047780572,0.05451638307717118,0.0,0.0,0.0,0.0,0.0,0.0,0.0,0.0,0.0,0.0,0.0,0.0,0.0,0.0,0.0,0.0,0.0,0.1092041148880695,0.0,0.0,0.0,0.0,0.05451638307717118,0.0,0.0,0.0,0.0,0.0,0.9257696046695582,0.0,0.0,0.0,0.0,0.0,0.0,0.09836021948326813,0.04955674047780572,0.15077610241589093,0.0,0.0,0.0,0.0,0.0,0.0,0.0,0.0,0.0,0.0,0.0,0.0,0.09652112178584353,0.0,0.0,0.0
slug,0.0,0.0,0.0,0.0,0.0,0.0,0.08050571345884645,0.0,0.0,0.0,0.0,0.0,0.0,0.0,0.0,0.054278182240691926,0.0,0.0,0.0,0.0,0.0,0.0,0.0,0.0,0.0,0.0,0.0,0.0,0.0,0.0,0.0,0.0,0.0,0.0,0.0,0.0,0.0,0.0,0.049857864129163,0.05486920748592482,0.0,0.0,0.0,0.0,0.0,0.0,0.0,0.0,0.0,0.0,0.0,0.0,0.0,0.0,0.0,0.0,0.0,0.0,0.0,0.10511796232658438,0.0,0.09793044983908555,0.039454330276113454,0.05486920748592482,0.0,0.0,0.05486920748592482,0.0,0.0,0.0,0.10511796232658438,0.0,0.0,0.0,0.0,0.049857864129163,0.0,0.0,0.0,0.0,0.0,0.0,0.0,0.0,0.0,0.054278182240691926,0.0,0.0,0.0,0.0,0.0,0.049857864129163,0.0,0.0,0.0,0.0,0.0,0.0,0.0,0.0,0.0,0.0,0.0,0.0,0.0,0.2037691182600221,0.0,0.0,0.054278182240691926,0.0,0.0,0.0,0.09609938779232532,0.9217245987140604,0.0,0.0,0.0,0.0,0.0,0.0,0.0,0.09793044983908555,0.0,0.15011730974313223,0.0,0.049857864129163,0.0,0.0,0.0,0.0,0.0,0.0,0.0,0.0,0.0,0.0,0.0,0.0,0.0,0.0
ant,0.09464195965068947,0.0,0.0,0.0,0.9245422916454633,0.0,0.04037590887540426,0.0,0.0,0.0,0.0,0.0,0.0,0.0,0.0,0.0,0.0,0.0,0.0,0.0,0.0,0.0,0.0,0.0,0.0,0.0,0.0,0.0,0.0,0.0,0.0,0.0,0.0,0.0,0.0,0.0,0.0,0.10016070872180578,0.05001027858303305,0.05503694151222775,0.0,0.0,0.09822982118782211,0.0,0.0,0.0,0.0,0.0,0.09639316162246109,0.0,0.0,0.0,0.0,0.0,0.0,0.0,0.0,0.0,0.0,0.052719652875767,0.0,0.0,0.1187248240299952,0.05503694151222775,0.0,0.0,0.05503694151222775,0.0,0.0,0.0,0.052719652875767,0.0,0.0,0.0,0.0,0.05001027858303305,0.0,0.0,0.0,0.0,0.0,0.0,0.0,0.0,0.09898208404494745,0.0,0.0,0.0,0.0,0.0,0.0,0.05001027858303305,0.0,0.0,0.0,0.0,0.0,0.0,0.0,0.0,0.0,0.0,0.0,0.10905934060318172,0.0,0.0,0.0,0.0,0.0,0.0,0.0,0.0,0.0,0.0,0.0,0.0,0.0,0.0,0.0,0.0,0.0,0.0,0.09898208404494745,0.18822026904674025,0.0,0.05001027858303305,0.0,0.0,0.0,0.0,0.0,0.0,0.0,0.0,0.0,0.0,0.0,0.0,0.0,0.0
bee,0.0,0.0,0.0,0.0,0.0,0.0,0.08023874316487817,0.0,0.0,0.0,0.9186680071194492,0.0,0.0,0.0,0.0,0.10819637357772534,0.0,0.0,0.0,0.0,0.0,0.0,0.0,0.0,0.0,0.0,0.0,0.0,0.0,0.0,0.0,0.0,0.0,0.0,0.0,0.09078598137748764,0.0,0.0,0.0,0.0,0.0,0.0,0.0,0.0,0.0,0.0,0.0,0.0,0.0,0.0,0.0,0.0,0.0,0.0,0.0,0.0,0.0,0.0,0.0,0.10476937373457071,0.0,0.0,0.03932349317524707,0.0,0.0,0.0,0.0,0.0,0.0,0.0,0.10476937373457071,0.0,0.0,0.0,0.0,0.0,0.0,0.0,0.0,0.0,0.0,0.0,0.2167328157836311,0.0,0.04917658970919824,0.10819637357772534,0.0,0.0,0.0,0.0,0.0,0.0,0.0,0.0,0.0,0.0,0.0,0.0,0.0,0.0,0.0,0.0,0.0,0.0,0.0,0.0,0.0,0.0,0.10819637357772534,0.0,0.0,0.0,0.09578070628877956,0.0,0.0,0.0,0.0,0.0,0.0,0.0,0.0,0.0,0.04917658970919824,0.11221462189052292,0.0,0.0,0.0,0.0,0.0,0.0,0.0,0.0,0.0,0.0,0.0,0.0,0.09578070628877956,0.0,0.0,0.0
wasp,0.09402781897404434,0.0,0.0,0.0,0.0,0.0,0.08022781152590736,0.0,0.0,0.0,0.0,0.0,0.0,0.0,0.0,0.1081816330216392,0.0,0.0,0.0,0.0,0.0,0.0,0.0,0.0,0.0,0.0,0.0,0.0,0.0,0.0,0.0,0.0,0.10835164417043967,0.0,0.0,0.09077361279427104,0.0,0.0,0.0,0.1093596031294586,0.0,0.0,0.0,0.0,0.0,0.0,0.0,0.0,0.09576765722968143,0.0,0.0,0.0,0.0,0.0,0.0,0.0,0.0,0.0,0.0,0.0,0.0,0.0,0.11795440735610689,0.1093596031294586,0.0,0.0,0.1093596031294586,0.0,0.0,0.0,0.0,0.0,0.0,0.0,0.0,0.0,0.0,0.0,0.0,0.0,0.0,0.0,0.0,0.0,0.04916988994418058,0.1081816330216392,0.0,0.0,0.0,0.0,0.0,0.0,0.0,0.0,0.0,0.0,0.0,0.0,0.0,0.0,0.0,0.0,0.0,0.0,0.0,0.0,0.0,0.0,0.1081816330216392,0.0,0.0,0.0,0.0,0.0,0.0,0.0,0.0,0.0,0.0,0.0,0.0,0.09759239853645608,0.04916988994418058,0.11219933389266343,0.0,0.0,0.0,0.0,0.0,0.0,0.0,0.0,0.0,0.0,0.9185428487907945,0.0,0.0,0.0,0.0,0.0
hornet,0.0,0.0,0.0,0.0,0.0,0.0,0.07999148932030858,0.0,0.0,0.0,0.0,0.0,0.0,0.0,0.0,0.10786296893701944,0.0,0.0,0.0,0.0,0.0,0.0,0.0,0.0,0.0,0.0,0.0,0.0,0.0,0.0,0.0,0.0,0.10803247929427522,0.0,0.0,0.0,0.0,0.0,0.0,0.054518734584816646,0.0,0.0,0.0,0.0,0.0,0.0,0.0,0.0,0.0,0.0,0.0,0.0,0.0,0.0,0.0,0.9158371527505489,0.0,0.0,0.0,0.0,0.0,0.0,0.11760695620199572,0.054518734584816646,0.0,0.0,0.054518734584816646,0.0,0.0,0.0,0.0,0.0,0.0,0.0,0.0,0.0,0.0,0.0,0.0,0.0,0.0,0.0,0.0,0.0,0.09805010635446687,0.10786296893701944,0.0,0.0,0.0,0.0,0.0,0.0,0.0,0.0,0.0,0.0,0.0,0.0,0.0,0.0,0.0,0.0,0.0,0.0,0.0,0.0,0.0,0.0,0.10786296893701944,0.0,0.0,0.0,0.0954855602417281,0.0,0.0,0.0,0.0,0.09050622646055828,0.0,0.0,0.0,0.0,0.09805010635446687,0.1118688351099107,0.0,0.0,0.0,0.0,0.0,0.0,0.0,0.0,0.0,0.0,0.0,0.0,0.1909711204834562,0.0,0.0,0.0
butterfly,0.0,0.0,0.0,0.0,0.0,0.0,0.08173798497986691,0.0,0.0,0.0,0.0,0.0,0.0,0.9358331001411045,0.0,0.05510899853079479,0.0,0.0,0.0,0.0,0.0,0.0,0.0,0.0,0.0,0.0,0.0,0.0,0.0,0.0,0.0,0.0,0.0,0.0,0.0,0.0,0.0,0.0,0.0506210202261111,0.05570907038336291,0.09579775777017444,0.0,0.0,0.0,0.0,0.0,0.0,0.0,0.0,0.0,0.0,0.0,0.0,0.0,0.0,0.0,0.0,0.0,0.0,0.05336348227108603,0.0,0.0,0.08011648656832807,0.05570907038336291,0.0,0.0,0.05570907038336291,0.0,0.0,0.0,0.05336348227108603,0.0,0.0,0.0,0.09092682372815614,0.0506210202261111,0.0,0.0,0.0,0.0,0.0,0.0,0.0,0.0,0.050095442581296154,0.05510899853079479,0.0,0.0,0.0,0.0,0.0,0.0506210202261111,0.0,0.0,0.0,0.0,0.0,0.0,0.0,0.0,0.0,0.10793204712976524,0.0,0.0,0.0,0.0,0.0,0.0,0.05510899853079479,0.0,0.0,0.0,0.0975703459849326,0.0,0.0,0.0,0.0,0.0,0.0,0.0,0.0,0.09942943542896068,0.050095442581296154,0.15241510051674273,0.0,0.0506210202261111,0.0,0.0,0.0,0.0,0.0,0.0,0.0,0.0,0.0,0.0,0.0,0.0,0.0,0.0
moth,0.0,0.0,0.0,0.0,0.0,0.0,0.040021124199203915,0.0,0.0,0.0,0.0,0.0,0.0,0.0,0.0,0.05396570701462564,0.0,0.0,0.0,0.0,0.0,0.0,0.0,0.0,0.0,0.0,0.0,0.0,0.0,0.0,0.0,0.0,0.10810103195031835,0.0,0.0,0.0,0.0,0.0,0.0,0.10910665954801421,0.0,0.0,0.09736667194179813,0.0,0.0,0.0,0.0,0.0,0.0,0.0,0.0,0.0,0.0,0.0,0.0,0.0,0.0,0.0,0.0,0.0,0.0,0.0,0.15690877919952026,0.10910665954801421,0.0,0.0,0.10910665954801421,0.0,0.0,0.0,0.0,0.0,0.0,0.0,0.0,0.0,0.0,0.0,0.916418302694845,0.0,0.0,0.0,0.0,0.0,0.09811232463604126,0.05396570701462564,0.0,0.0,0.0,0.0,0.0,0.0,0.0,0.0,0.0,0.0,0.0,0.0,0.0,0.0,0.0,0.0,0.0,0.0,0.0,0.0,0.0,0.0,0.05396570701462564,0.0,0.0,0.0,0.0,0.0,0.0,0.0,0.0,0.09056365772801454,0.0,0.0,0.0,0.09736667194179813,0.09811232463604126,0.14925309619798366,0.0,0.0,0.0,0.0,0.0,0.0,0.0,0.0,0.0,0.0,0.0,0.0,0.0955461511752242,0.0,0.0,0.0
